gnomAD ID,Chromosome,Position,rsIDs,Reference,Alternate,Source,Filters - exomes,Filters - genomes,Transcript,HGVS Consequence,Protein Consequence,Transcript Consequence,VEP Annotation,ClinVar Clinical Significance,ClinVar Variation ID,Flags,Allele Count,Allele Number,Allele Frequency,Homozygote Count,Hemizygote Count,Filters - joint,GroupMax FAF group,GroupMax FAF frequency,cadd,revel_max,spliceai_ds_max,pangolin_largest_ds,phylop,sift_max,polyphen_max,Allele Count African/African American,Allele Number African/African American,Homozygote Count African/African American,Hemizygote Count African/African American,Allele Count Admixed American,Allele Number Admixed American,Homozygote Count Admixed American,Hemizygote Count Admixed American,Allele Count Ashkenazi Jewish,Allele Number Ashkenazi Jewish,Homozygote Count Ashkenazi Jewish,Hemizygote Count Ashkenazi Jewish,Allele Count East Asian,Allele Number East Asian,Homozygote Count East Asian,Hemizygote Count East Asian,Allele Count European (Finnish),Allele Number European (Finnish),Homozygote Count European (Finnish),Hemizygote Count European (Finnish),Allele Count Middle Eastern,Allele Number Middle Eastern,Homozygote Count Middle Eastern,Hemizygote Count Middle Eastern,Allele Count European (non-Finnish),Allele Number European (non-Finnish),Homozygote Count European (non-Finnish),Hemizygote Count European (non-Finnish),Allele Count Amish,Allele Number Amish,Homozygote Count Amish,Hemizygote Count Amish,Allele Count South Asian,Allele Number South Asian,Homozygote Count South Asian,Hemizygote Count South Asian,Allele Count Remaining,Allele Number Remaining,Homozygote Count Remaining,Hemizygote Count Remaining
12-21378313-A-G,12,21378313,rs1800203,A,G,"gnomAD Exomes,gnomAD Genomes",PASS,PASS,ENST00000240652.8,p.Ser53Gly,p.Ser53Gly,c.157A>G,missense_variant,,,,383,1614220,0.00023726629579611205,3,0,PASS,eas,0.006315380000000002,13.1,0.243,0.00,0.0500,-0.261,0.410,0.0440,0,75070,0,0,2,60028,0,0,20,29608,0,0,312,44888,2,0,0,64048,0,0,0,6062,0,0,6,1180012,0,0,0,912,0,0,25,91084,1,0,18,62508,0,0
12-21373433-T-C,12,21373433,rs138036034,T,C,"gnomAD Exomes,gnomAD Genomes",PASS,PASS,ENST00000240652.8,c.80+2T>C,,c.80+2T>C,splice_donor_variant,,,,316,1604966,0.00019688890605782302,0,0,PASS,mid,0.0017825199999999914,29.9,,0.930,-0.730,4.18,,,4,74728,0,0,11,59966,0,0,0,29526,0,0,0,44778,0,0,1,63962,0,0,17,6074,0,0,262,1171968,0,0,0,912,0,0,9,90890,0,0,12,62162,0,0
12-21378410-A-G,12,21378410,rs147525401,A,G,"gnomAD Exomes,gnomAD Genomes",PASS,PASS,ENST00000240652.8,p.Asn85Ser,p.Asn85Ser,c.254A>G,missense_variant,,,,280,1613498,0.00017353600686210953,1,0,PASS,afr,0.0028148300000000004,0.970,0.0900,0.00,-0.0800,-0.147,0.400,0.00300,236,75046,1,0,23,60016,0,0,0,29606,0,0,0,44884,0,0,0,64038,0,0,1,6062,0,0,3,1179364,0,0,0,912,0,0,1,91074,0,0,16,62496,0,0
12-21378282-G-A,12,21378282,rs141057868,G,A,"gnomAD Exomes,gnomAD Genomes",PASS,PASS,ENST00000542023.1,p.Arg73His,p.Arg73His,c.218G>A,missense_variant,,,,216,1614160,0.00013381573078257423,2,0,PASS,afr,0.002149190000000001,1.83,,0.130,-0.140,-1.13,,,183,75044,2,0,8,60028,0,0,1,29606,0,0,0,44878,0,0,0,64038,0,0,0,6062,0,0,16,1180012,0,0,0,912,0,0,1,91076,0,0,7,62504,0,0
12-21373388-C-T,12,21373388,rs373616376,C,T,"gnomAD Exomes,gnomAD Genomes",PASS,PASS,ENST00000240652.8,p.Leu13Phe,p.Leu13Phe,c.37C>T,missense_variant,Uncertain significance,2319180,,177,1613380,0.0001097075704421773,0,0,PASS,nfe,0.00012669,7.40,0.191,0.00,-0.0100,-0.159,0.0700,0.0660,3,74906,0,0,0,59982,0,0,0,29594,0,0,0,44828,0,0,0,63988,0,0,0,6080,0,0,171,1179574,0,0,0,912,0,0,0,91064,0,0,3,62452,0,0
12-21373668-CA-C,12,21373668,rs748128579,CA,C,"gnomAD Exomes,gnomAD Genomes",PASS,PASS,ENST00000542023.1,p.Arg37GlufsTer91,p.Arg37GlufsTer91,c.109del,frameshift_variant,,,lof_flag,145,701118,0.00020681254795911673,0,0,PASS,nfe,0.00021634,12.7,,0.0200,0.100,1.04,,,0,57058,0,0,0,49708,0,0,0,23430,0,0,0,37212,0,0,43,43850,0,0,0,4368,0,0,99,384502,0,0,0,910,0,0,0,67486,0,0,3,32594,0,0
12-21373335-A-C,12,21373335,rs746773690,A,C,"gnomAD Exomes,gnomAD Genomes",PASS,PASS,ENST00000240652.8,c.-15-2A>C,,c.-15-2A>C,splice_acceptor_variant,,,lc_lof,98,1578620,0.00006207953782417555,0,0,PASS,amr,0.0013422099999999995,32.0,,0.980,-0.820,3.19,,,0,74200,0,0,96,59932,0,0,0,29344,0,0,0,44652,0,0,0,63834,0,0,0,6016,0,0,1,1148158,0,0,0,912,0,0,0,90382,0,0,1,61190,0,0
12-21373371-A-G,12,21373371,rs200933325,A,G,"gnomAD Exomes,gnomAD Genomes",PASS,PASS,ENST00000240652.8,p.Gln7Arg,p.Gln7Arg,c.20A>G,missense_variant,,,,94,1613314,0.000058265161028789185,0,0,PASS,afr,0.00086569,13.8,0.150,0.00,0.0100,2.33,0.0100,0.00,79,75030,0,0,9,60012,0,0,0,29590,0,0,0,44820,0,0,0,63998,0,0,1,6058,0,0,0,1179384,0,0,0,912,0,0,0,91054,0,0,5,62456,0,0
12-21378286-C-T,12,21378286,rs763676184,C,T,"gnomAD Exomes,gnomAD Genomes",PASS,PASS,ENST00000240652.8,p.Arg44Cys,p.Arg44Cys,c.130C>T,missense_variant,,,,58,1614016,0.00003593520758158531,0,0,PASS,eas,0.00034963000000000024,23.1,0.231,0.250,-0.210,1.16,0.0200,0.0620,0,74924,0,0,6,59998,0,0,0,29606,0,0,23,44896,0,0,0,64038,0,0,0,6084,0,0,25,1180000,0,0,0,912,0,0,1,91072,0,0,3,62486,0,0
12-21378307-C-G,12,21378307,rs369714240,C,G,"gnomAD Exomes,gnomAD Genomes",PASS,PASS,ENST00000240652.8,p.His51Asp,p.His51Asp,c.151C>G,missense_variant,,,,58,1614046,0.00003593453965996012,0,0,PASS,mid,0.00005797999999999999,20.6,0.170,0.00,0.0600,4.14,0.0100,0.0620,2,74930,0,0,4,59998,0,0,0,29606,0,0,0,44894,0,0,0,64032,0,0,2,6084,0,0,45,1180024,0,0,0,910,0,0,0,91084,0,0,5,62484,0,0
12-21373651-G-C,12,21373651,rs576447605,G,C,"gnomAD Exomes,gnomAD Genomes",PASS,PASS,ENST00000542023.1,p.Trp30Cys,p.Trp30Cys,c.90G>C,missense_variant,,,,52,701700,0.00007410574319509762,0,0,PASS,afr,0.0006799800000000003,0.662,,0.00,0.00,0.285,,,50,57274,0,0,0,49808,0,0,0,23434,0,0,0,37212,0,0,0,44052,0,0,0,4346,0,0,0,384520,0,0,0,912,0,0,0,67514,0,0,2,32628,0,0
12-21378349-G-A,12,21378349,rs143322681,G,A,"gnomAD Exomes,gnomAD Genomes",PASS,PASS,ENST00000240652.8,p.Val65Met,p.Val65Met,c.193G>A,missense_variant,,,,51,1613976,0.00003159898288450386,0,0,PASS,afr,0.00009214999999999998,23.1,0.225,0.00,-0.120,2.72,0.0600,0.773,12,74910,0,0,2,59990,0,0,0,29608,0,0,1,44888,0,0,0,64036,0,0,0,6084,0,0,34,1179986,0,0,0,910,0,0,1,91082,0,0,1,62482,0,0
12-21373692-G-C,12,21373692,rs932545696,G,C,"gnomAD Exomes,gnomAD Genomes",PASS,PASS,ENST00000542023.1,p.Arg44Thr,p.Arg44Thr,c.131G>C,missense_variant,,,,39,701714,0.000055578198525325135,0,0,PASS,nfe,0.00006458,1.51,,0.0700,0.0500,-0.337,,,0,57168,0,0,2,49944,0,0,0,23468,0,0,0,37224,0,0,0,43814,0,0,1,4380,0,0,34,384604,0,0,0,912,0,0,0,67570,0,0,2,32630,0,0
12-21378279-A-T,12,21378279,rs1940352390,A,T,gnomAD Exomes,PASS,NA,ENST00000542023.1,p.Gln72Leu,p.Gln72Leu,c.215A>T,missense_variant,,,,34,1461858,0.000023258072945525488,0,0,PASS,nfe,0.00002074,0.391,,0.0400,-0.0400,-3.18,,,0,33480,0,0,0,44724,0,0,0,26136,0,0,0,39690,0,0,0,53418,0,0,0,5768,0,0,34,1111992,0,0,,,,,0,86256,0,0,0,60394,0,0
12-21378287-G-A,12,21378287,rs773900669,G,A,"gnomAD Exomes,gnomAD Genomes",PASS,PASS,ENST00000240652.8,p.Arg44His,p.Arg44His,c.131G>A,missense_variant,,,,33,1614010,0.00002044596997540288,0,0,PASS,mid,0.00005797999999999999,23.2,0.133,0.120,-0.110,1.78,0.0300,0.0620,7,74920,0,0,4,59994,0,0,0,29608,0,0,1,44890,0,0,0,64028,0,0,2,6084,0,0,18,1180004,0,0,0,912,0,0,0,91082,0,0,1,62488,0,0
12-21378297-T-C,12,21378297,rs138539884,T,C,"gnomAD Exomes,gnomAD Genomes",PASS,PASS,ENST00000542023.1,p.Ile78Thr,p.Ile78Thr,c.233T>C,missense_variant,,,,30,1613992,0.0000185874527259119,0,0,PASS,nfe,0.00001724,8.00,,0.00,0.0400,-0.281,,,0,74902,0,0,0,60004,0,0,0,29608,0,0,0,44896,0,0,0,64022,0,0,0,6084,0,0,29,1179986,0,0,0,912,0,0,0,91090,0,0,1,62488,0,0
12-21373417-T-TAC,12,21373417,rs1565521110,T,TAC,gnomAD Exomes,PASS,NA,ENST00000240652.8,p.Pro24HisfsTer27,p.Pro24HisfsTer27,c.69_70dup,frameshift_variant,,,,27,1459904,0.00001849436675288238,0,0,PASS,nfe,0.00001569,23.0,,0.00,0.0100,0.238,,,0,33432,0,0,0,44700,0,0,0,26106,0,0,0,39618,0,0,0,53368,0,0,0,5760,0,0,27,1110380,0,0,,,,,0,86222,0,0,0,60318,0,0
12-21378254-G-A,12,21378254,rs200996235,G,A,"gnomAD Exomes,gnomAD Genomes",PASS,PASS,ENST00000240652.8,p.Arg33Gln,p.Arg33Gln,c.98G>A,missense_variant,,,,26,1614012,0.000016108926079855663,0,0,PASS,nfe,0.0000122,26.7,0.282,0.280,-0.220,1.44,0.0300,0.934,1,74894,0,0,0,60006,0,0,0,29608,0,0,0,44890,0,0,0,64034,0,0,0,6084,0,0,22,1180022,0,0,0,912,0,0,2,91076,0,0,1,62486,0,0
12-21373355-G-A,12,21373355,rs557866734,G,A,"gnomAD Exomes,gnomAD Genomes",PASS,PASS,ENST00000240652.8,p.Gly2Ser,p.Gly2Ser,c.4G>A,missense_variant,,,,16,1610354,0.000009935703578219447,1,0,PASS,eas,0.000043519999999999976,6.55,0.132,0.0200,0.00,-0.520,0.360,0.0100,0,74910,0,0,0,59994,0,0,0,29564,0,0,5,44796,1,0,0,63906,0,0,1,6050,0,0,4,1176880,0,0,0,912,0,0,2,90988,0,0,4,62354,0,0
12-21373335-AG-A,12,21373335,rs897927917,AG,A,"gnomAD Exomes,gnomAD Genomes",PASS,PASS,ENST00000240652.8,c.-15-1del,,c.-15-1del,splice_acceptor_variant,,,lc_lof,15,1578620,0.00000950197007512891,0,0,PASS,afr,0.00006288999999999999,25.3,,0.980,-0.820,3.19,,,9,74200,0,0,0,59932,0,0,0,29344,0,0,0,44652,0,0,0,63834,0,0,0,6016,0,0,0,1148158,0,0,0,912,0,0,0,90382,0,0,6,61190,0,0
12-21373352-A-G,12,21373352,rs1459135226,A,G,"gnomAD Exomes,gnomAD Genomes",PASS,PASS,ENST00000240652.8,p.Met1?,p.Met1?,c.1A>G,start_lost,,,,14,1609768,0.000008696905392578309,0,0,PASS,nfe,0.00000544,18.3,0.500,0.00,0.0100,1.34,0.00,0.0210,0,74844,0,0,0,59976,0,0,0,29554,0,0,0,44822,0,0,0,63946,0,0,0,6064,0,0,12,1176358,0,0,0,912,0,0,1,90994,0,0,1,62298,0,0
12-21373403-A-T,12,21373403,,A,T,gnomAD Exomes,PASS,NA,ENST00000240652.8,p.Asn18Tyr,p.Asn18Tyr,c.52A>T,missense_variant,,,,13,1461086,0.00000889749131810174,0,0,PASS,nfe,0.00000543,15.4,0.103,0.0200,-0.0200,1.06,0.0100,0.0110,0,33458,0,0,0,44708,0,0,0,26118,0,0,0,39636,0,0,0,53378,0,0,0,5764,0,0,12,1111430,0,0,,,,,0,86244,0,0,1,60350,0,0
12-21378324-T-G,12,21378324,rs144465370,T,G,"gnomAD Exomes,gnomAD Genomes",PASS,PASS,ENST00000240652.8,p.Phe56Leu,p.Phe56Leu,c.168T>G,missense_variant,,,,13,1614090,0.000008054073812488771,0,0,PASS,sas,0.00008440999999999999,4.24,0.0350,0.00,-0.0600,0.0690,1.00,0.00,0,74948,0,0,0,60004,0,0,0,29608,0,0,0,44898,0,0,0,64044,0,0,0,6084,0,0,0,1180016,0,0,0,912,0,0,13,91088,0,0,0,62488,0,0
12-21378281-C-T,12,21378281,rs761079012,C,T,"gnomAD Exomes,gnomAD Genomes",PASS,PASS,ENST00000240652.8,p.Thr42Met,p.Thr42Met,c.125C>T,missense_variant,,,,12,1614054,0.000007434695493459326,0,0,PASS,eas,0.000029770000000000005,9.11,0.202,0.200,-0.150,0.379,0.0600,0.286,0,74928,0,0,0,60010,0,0,0,29604,0,0,4,44896,0,0,1,64036,0,0,0,6084,0,0,4,1180018,0,0,0,912,0,0,3,91082,0,0,0,62484,0,0
12-21378285-G-A,12,21378285,rs544638006,G,A,"gnomAD Exomes,gnomAD Genomes",PASS,PASS,ENST00000542023.1,p.Ser74Asn,p.Ser74Asn,c.221G>A,missense_variant,,,,12,1614204,0.0000074340046239508765,0,0,PASS,eas,0.00012016999999999998,1.19,,0.00,0.0300,-0.124,,,0,75076,0,0,0,60028,0,0,0,29606,0,0,10,44884,0,0,0,64028,0,0,0,6062,0,0,0,1180022,0,0,0,912,0,0,0,91076,0,0,2,62510,0,0
12-21373426-T-G,12,21373426,,T,G,gnomAD Exomes,PASS,NA,ENST00000240652.8,p.Ile25Met,p.Ile25Met,c.75T>G,missense_variant,,,,11,1457752,0.0000075458651402982126,0,0,PASS,nfe,0.0000043,0.845,0.204,0.00,0.0100,-0.964,0.250,0.0140,0,33392,0,0,0,44698,0,0,0,26092,0,0,0,39614,0,0,0,53362,0,0,0,5758,0,0,10,1108432,0,0,,,,,0,86176,0,0,1,60228,0,0
12-21378365-A-G,12,21378365,,A,G,gnomAD Exomes,PASS,NA,ENST00000240652.8,p.Tyr70Cys,p.Tyr70Cys,c.209A>G,missense_variant,,,,11,1461834,0.0000075247941968787154,0,0,PASS,nfe,0.000005,24.8,0.314,0.00,-0.0400,3.09,0.00,0.977,0,33480,0,0,0,44722,0,0,0,26136,0,0,0,39694,0,0,0,53420,0,0,0,5768,0,0,11,1111966,0,0,,,,,0,86258,0,0,0,60390,0,0
12-21378389-T-C,12,21378389,rs767130965,T,C,gnomAD Exomes,PASS,NA,ENST00000240652.8,p.Val78Ala,p.Val78Ala,c.233T>C,missense_variant,,,,11,1461796,0.000007524989807059262,0,0,PASS,sas,0.00006764,12.1,0.0720,0.0200,-0.0400,-0.337,0.320,0.0270,0,33478,0,0,0,44722,0,0,0,26134,0,0,0,39696,0,0,0,53420,0,0,0,5768,0,0,0,1111926,0,0,,,,,11,86256,0,0,0,60396,0,0
12-21373734-G-T,12,21373734,rs567801214,G,T,"gnomAD Exomes,gnomAD Genomes",PASS,PASS,ENST00000542023.1,c.172+1G>T,,c.172+1G>T,splice_donor_variant,,,,10,701006,0.000014265213136549472,0,0,PASS,nfe,0.00001315,12.5,,0.560,0.570,0.00100,,,0,57072,0,0,0,49842,0,0,0,23444,0,0,0,37208,0,0,0,43748,0,0,0,4368,0,0,10,384332,0,0,0,912,0,0,0,67488,0,0,0,32592,0,0
12-21378397-A-G,12,21378397,rs1485298353,A,G,"gnomAD Exomes,gnomAD Genomes",PASS,PASS,ENST00000240652.8,p.Arg81Gly,p.Arg81Gly,c.241A>G,missense_variant,,,,10,1613984,0.00000619584828598053,0,0,PASS,nfe,0.0000035900000000000004,16.4,0.265,0.00,-0.0400,-0.400,0.0100,0.110,0,74942,0,0,0,59998,0,0,0,29608,0,0,1,44892,0,0,0,64036,0,0,0,6084,0,0,9,1179934,0,0,0,912,0,0,0,91090,0,0,0,62488,0,0
12-21373384-TG-T,12,21373384,rs1939941547,TG,T,gnomAD Exomes,PASS,NA,ENST00000240652.8,p.Val12CysfsTer6,p.Val12CysfsTer6,c.34del,frameshift_variant,,,,9,1461338,0.000006158739456580202,0,0,PASS,nfe,0.0000035900000000000004,15.0,,0.0100,0.0100,-1.77,,,0,33454,0,0,0,44706,0,0,0,26122,0,0,0,39630,0,0,0,53376,0,0,0,5764,0,0,9,1111674,0,0,,,,,0,86244,0,0,0,60368,0,0
12-21373670-A-G,12,21373670,rs1409685287,A,G,"gnomAD Exomes,gnomAD Genomes",PASS,PASS,ENST00000542023.1,p.Arg37Gly,p.Arg37Gly,c.109A>G,missense_variant,,,,9,701334,0.00001283268742139979,0,0,PASS,afr,0.00001393,14.6,,0.0700,0.140,0.610,,,3,57150,0,0,0,49754,0,0,0,23432,0,0,0,37226,0,0,0,43864,0,0,0,4370,0,0,5,384520,0,0,0,912,0,0,1,67506,0,0,0,32600,0,0
12-21378261-C-T,12,21378261,rs748654986,C,T,gnomAD Exomes,PASS,NA,ENST00000542023.1,p.Ala66Val,p.Ala66Val,c.197C>T,missense_variant,,,,9,1461832,0.000006156658220643685,0,0,PASS,nfe,0.0000035900000000000004,11.2,,0.220,-0.110,1.94,,,0,33476,0,0,0,44724,0,0,0,26136,0,0,0,39692,0,0,0,53420,0,0,0,5768,0,0,9,1111966,0,0,,,,,0,86254,0,0,0,60396,0,0
12-21378293-C-T,12,21378293,rs1242505102,C,T,gnomAD Exomes,PASS,NA,ENST00000542023.1,p.Gln77Ter,p.Gln77Ter,c.229C>T,stop_gained,,,lof_flag,9,1461850,0.000006156582412696241,0,0,PASS,amr,0.00000553,22.5,0.152,0.00,0.260,2.31,0.0200,0.0460,0,33478,0,0,2,44722,0,0,0,26136,0,0,0,39694,0,0,0,53420,0,0,0,5768,0,0,7,1111982,0,0,,,,,0,86258,0,0,0,60392,0,0
12-21378391-T-G,12,21378391,,T,G,gnomAD Exomes,PASS,NA,ENST00000240652.8,p.Leu79Val,p.Leu79Val,c.235T>G,missense_variant,,,,9,1461816,0.000006156725607053145,0,0,PASS,nfe,0.0000035900000000000004,13.7,0.117,0.00,0.0600,0.307,0.0500,0.00700,0,33474,0,0,0,44722,0,0,0,26136,0,0,0,39696,0,0,0,53420,0,0,0,5768,0,0,9,1111946,0,0,,,,,0,86258,0,0,0,60396,0,0
12-21373315-A-G,12,21373315,,A,G,gnomAD Exomes,PASS,NA,ENST00000537593.1,c.-35-2A>G,,c.-35-2A>G,splice_acceptor_variant,,,lc_lof,8,1191202,0.000006715905446767215,0,0,PASS,nfe,0.0000036900000000000002,14.3,,0.0100,0.0500,0.656,,,0,28164,0,0,0,44360,0,0,0,24502,0,0,0,38414,0,0,0,52796,0,0,0,5268,0,0,8,865488,0,0,,,,,0,80854,0,0,0,51356,0,0
12-21373395-T-C,12,21373395,rs778403247,T,C,"gnomAD Exomes,gnomAD Genomes",PASS,PASS,ENST00000240652.8,p.Val15Ala,p.Val15Ala,c.44T>C,missense_variant,,,,8,1613534,0.000004958061001503532,0,0,PASS,nfe,0.0000012399999999999998,13.4,0.147,0.00,0.00,1.94,0.110,0.0280,0,74928,0,0,0,59988,0,0,0,29586,0,0,0,44832,0,0,0,64012,0,0,0,6080,0,0,5,1179664,0,0,0,912,0,0,1,91074,0,0,2,62458,0,0
12-21373716-C-T,12,21373716,rs984441147,C,T,"gnomAD Exomes,gnomAD Genomes",PASS,PASS,ENST00000542023.1,p.Ala52Val,p.Ala52Val,c.155C>T,missense_variant,,,,8,700750,0.000011416339636104174,0,0,PASS,eas,0.00005273999999999997,3.16,,0.00,0.00,-0.00300,,,0,57012,0,0,0,49742,0,0,0,23432,0,0,5,37210,0,0,0,43740,0,0,0,4376,0,0,2,384280,0,0,0,912,0,0,0,67474,0,0,1,32572,0,0
12-21378253-C-T,12,21378253,rs1370833713,C,T,"gnomAD Exomes,gnomAD Genomes",PASS,PASS,ENST00000240652.8,p.Arg33Trp,p.Arg33Trp,c.97C>T,missense_variant,,,,8,1613986,0.000004956672486626278,0,0,PASS,afr,0.00001063,23.1,0.182,0.270,-0.210,-0.220,0.00,0.111,3,74920,0,0,1,60002,0,0,0,29608,0,0,0,44890,0,0,0,64030,0,0,0,6084,0,0,0,1179986,0,0,0,912,0,0,3,91074,0,0,1,62480,0,0
12-21378267-T-A,12,21378267,,T,A,gnomAD Exomes,PASS,NA,ENST00000542023.1,p.Leu68Gln,p.Leu68Gln,c.203T>A,missense_variant,,,,8,1461868,0.0000054724503169916845,0,0,PASS,nfe,0.00000292,0.224,,0.00,-0.0500,-9.16,,,0,33480,0,0,0,44722,0,0,0,26136,0,0,0,39694,0,0,0,53420,0,0,0,5768,0,0,8,1111994,0,0,,,,,0,86258,0,0,0,60396,0,0
12-21378274-T-C,12,21378274,rs1940351821,T,C,gnomAD Exomes,PASS,NA,ENST00000240652.8,p.Cys40Arg,p.Cys40Arg,c.118T>C,missense_variant,,,,8,1461866,0.000005472457803930046,0,0,PASS,nfe,0.00000247,23.6,0.582,0.00,0.0300,3.17,0.00,0.966,0,33480,0,0,0,44724,0,0,0,26136,0,0,0,39692,0,0,0,53418,0,0,0,5768,0,0,7,1111994,0,0,,,,,1,86258,0,0,0,60396,0,0
12-21378404-C-G,12,21378404,,C,G,gnomAD Exomes,PASS,NA,ENST00000240652.8,p.Pro83Arg,p.Pro83Arg,c.248C>G,missense_variant,,,,8,1461526,0.000005473730881284356,0,0,PASS,nfe,0.00000247,20.0,0.249,0.00,0.0700,3.34,0.0100,0.618,0,33472,0,0,0,44722,0,0,0,26136,0,0,0,39694,0,0,0,53418,0,0,0,5768,0,0,7,1111680,0,0,,,,,0,86254,0,0,1,60382,0,0
12-21373383-T-C,12,21373383,rs925033934,T,C,gnomAD Exomes,PASS,NA,ENST00000240652.8,p.Ile11Thr,p.Ile11Thr,c.32T>C,missense_variant,,,,7,1461296,0.000004790268364520262,0,0,PASS,nfe,0.00000247,14.2,0.184,0.00,0.00,0.454,0.0300,0.00300,0,33448,0,0,0,44708,0,0,0,26120,0,0,0,39634,0,0,0,53374,0,0,0,5764,0,0,7,1111634,0,0,,,,,0,86244,0,0,0,60370,0,0
12-21373385-G-C,12,21373385,,G,C,gnomAD Exomes,PASS,NA,ENST00000240652.8,p.Val12Leu,p.Val12Leu,c.34G>C,missense_variant,,,,7,1461302,0.0000047902486960258726,0,0,PASS,nfe,0.00000247,1.97,0.0940,0.00,0.00,-0.544,0.190,0.0250,0,33456,0,0,0,44706,0,0,0,26122,0,0,0,39632,0,0,0,53360,0,0,0,5764,0,0,7,1111650,0,0,,,,,0,86244,0,0,0,60368,0,0
12-21373676-A-G,12,21373676,rs1477143533,A,G,"gnomAD Exomes,gnomAD Genomes",PASS,PASS,ENST00000542023.1,p.Ile39Val,p.Ile39Val,c.115A>G,missense_variant,,,,7,701464,0.000009979129363730711,0,0,PASS,nfe,0.00000756,6.59,,0.0500,0.0500,-0.437,,,0,57148,0,0,0,49806,0,0,0,23436,0,0,0,37230,0,0,0,43864,0,0,0,4372,0,0,7,384566,0,0,0,912,0,0,0,67526,0,0,0,32604,0,0
12-21373406-C-T,12,21373406,rs1939944426,C,T,gnomAD Exomes,PASS,NA,ENST00000240652.8,p.His19Tyr,p.His19Tyr,c.55C>T,missense_variant,,,,6,1460692,0.000004107642131263812,0,0,PASS,nfe,0.00000183,2.05,0.171,0.00,0.0200,1.17,0.630,0.272,0,33456,0,0,0,44704,0,0,0,26106,0,0,0,39624,0,0,0,53376,0,0,0,5764,0,0,6,1111080,0,0,,,,,0,86236,0,0,0,60346,0,0
12-21373694-G-A,12,21373694,rs1309634466,G,A,"gnomAD Exomes,gnomAD Genomes",PASS,PASS,ENST00000542023.1,p.Gly45Arg,p.Gly45Arg,c.133G>A,missense_variant,,,,6,701698,0.000008550687047704283,0,0,PASS,nfe,0.00000481,4.76,,0.0600,0.0400,-0.403,,,0,57188,0,0,1,49938,0,0,0,23466,0,0,0,37226,0,0,0,43794,0,0,0,4380,0,0,5,384596,0,0,0,910,0,0,0,67564,0,0,0,32636,0,0
12-21373734-G-A,12,21373734,rs567801214,G,A,gnomAD Exomes,PASS,NA,ENST00000542023.1,c.172+1G>A,,c.172+1G>A,splice_donor_variant,,,,6,548916,0.000010930634195396016,0,0,PASS,nfe,0.000006609999999999999,7.30,,0.0300,0.0500,0.00100,,,0,15670,0,0,0,34580,0,0,0,19972,0,0,0,32010,0,0,0,33140,0,0,0,4052,0,0,6,316324,0,0,,,,,0,62662,0,0,0,30506,0,0
12-21378254-G-C,12,21378254,rs200996235,G,C,"gnomAD Exomes,gnomAD Genomes",PASS,PASS,ENST00000240652.8,p.Arg33Pro,p.Arg33Pro,c.98G>C,missense_variant,,,,6,1614016,0.0000037174352670605496,0,0,PASS,eas,0.00005786999999999997,26.0,0.343,0.160,-0.160,1.44,0.00,0.961,0,74896,0,0,0,60006,0,0,0,29608,0,0,6,44890,0,0,0,64034,0,0,0,6084,0,0,0,1180024,0,0,0,912,0,0,0,91076,0,0,0,62486,0,0
12-21378374-G-C,12,21378374,rs1262239290,G,C,gnomAD Exomes,PASS,NA,ENST00000240652.8,p.Arg73Thr,p.Arg73Thr,c.218G>C,missense_variant,,,,6,1461814,0.0000041044893536386985,0,0,PASS,nfe,0.0000012399999999999998,25.2,0.561,0.00,0.0200,5.07,0.00,0.981,0,33480,0,0,0,44722,0,0,0,26134,0,0,0,39696,0,0,0,53420,0,0,0,5768,0,0,5,1111944,0,0,,,,,1,86254,0,0,0,60396,0,0
12-21373316-G-T,12,21373316,rs1285703461,G,T,"gnomAD Exomes,gnomAD Genomes",PASS,PASS,ENST00000537593.1,c.-35-1G>T,,c.-35-1G>T,splice_acceptor_variant,,,lc_lof,5,1371218,0.0000036463932066236,0,0,PASS,nfe,8.299999999999999e-7,8.37,,0.00,0.00,-0.623,,,0,70126,0,0,0,59668,0,0,0,28094,0,0,0,43724,0,0,0,63402,0,0,0,5618,0,0,3,959060,0,0,0,912,0,0,0,86230,0,0,2,54384,0,0
12-21373382-A-G,12,21373382,rs773946611,A,G,gnomAD Exomes,PASS,NA,ENST00000240652.8,p.Ile11Val,p.Ile11Val,c.31A>G,missense_variant,,,,5,1461310,0.0000034215874797270943,0,0,PASS,nfe,0.0000012399999999999998,1.80,0.125,0.0200,0.0200,-0.172,0.150,0.00600,0,33454,0,0,0,44708,0,0,0,26124,0,0,0,39632,0,0,0,53374,0,0,0,5764,0,0,5,1111644,0,0,,,,,0,86240,0,0,0,60370,0,0
12-21373401-T-A,12,21373401,rs904381884,T,A,"gnomAD Exomes,gnomAD Genomes",PASS,PASS,ENST00000240652.8,p.Leu17Ter,p.Leu17Ter,c.50T>A,stop_gained,,,,5,1613330,0.000003099179956983382,0,0,PASS,afr,0.000017460000000000002,35.0,,0.0300,-0.0700,3.21,,,4,74922,0,0,1,59992,0,0,0,29590,0,0,0,44836,0,0,0,64010,0,0,0,6076,0,0,0,1179466,0,0,0,912,0,0,0,91072,0,0,0,62454,0,0
12-21373716-C-CA,12,21373716,rs1939973158,C,CA,gnomAD Exomes,PASS,NA,ENST00000542023.1,p.Ser56IlefsTer66,p.Ser56IlefsTer66,c.155_156insA,frameshift_variant,,,lof_flag,5,548756,0.000009111517687278135,0,0,PASS,nfe,0.00000344,1.90,,0.0200,0.0400,-0.00300,,,0,15634,0,0,0,34494,0,0,0,19962,0,0,0,32018,0,0,0,33156,0,0,0,4060,0,0,4,316298,0,0,,,,,0,62646,0,0,1,30488,0,0
12-21373719-G-A,12,21373719,rs1939974027,G,A,gnomAD Exomes,PASS,NA,ENST00000542023.1,p.Gly53Glu,p.Gly53Glu,c.158G>A,missense_variant,,,,5,548208,0.00000912062574789131,0,0,PASS,nfe,0.00000344,1.78,,0.100,0.0900,1.12,,,0,15512,0,0,0,34400,0,0,0,19928,0,0,0,32018,0,0,0,33156,0,0,0,4052,0,0,4,316112,0,0,,,,,0,62594,0,0,1,30436,0,0
12-21378320-A-G,12,21378320,rs779084862,A,G,gnomAD Exomes,PASS,NA,ENST00000240652.8,p.Asn55Ser,p.Asn55Ser,c.164A>G,missense_variant,,,,5,1461840,0.000003420346959995622,0,0,PASS,nfe,7.899999999999998e-7,8.86,0.0410,0.00,-0.0900,0.413,0.410,0.185,0,33480,0,0,0,44722,0,0,0,26136,0,0,0,39694,0,0,0,53420,0,0,0,5768,0,0,4,1111966,0,0,,,,,0,86258,0,0,1,60396,0,0
12-21378362-C-T,12,21378362,rs763604023,C,T,"gnomAD Exomes,gnomAD Genomes",PASS,PASS,ENST00000240652.8,p.Thr69Ile,p.Thr69Ile,c.206C>T,missense_variant,,,,5,1614006,0.000003097881916176272,0,0,PASS,amr,0.00003233,23.6,0.216,0.00,-0.0900,3.55,0.00,0.955,0,74920,0,0,5,60000,0,0,0,29606,0,0,0,44896,0,0,0,64026,0,0,0,6082,0,0,0,1179988,0,0,0,912,0,0,0,91090,0,0,0,62486,0,0
12-21378368-G-A,12,21378368,,G,A,gnomAD Exomes,PASS,NA,ENST00000240652.8,p.Gly71Asp,p.Gly71Asp,c.212G>A,missense_variant,,,,5,1461838,0.000003420351639511355,0,0,PASS,nfe,6.800000000000001e-7,26.4,0.783,0.00,0.0500,6.17,0.00,0.997,0,33480,0,0,0,44720,0,0,0,26136,0,0,0,39694,0,0,0,53420,0,0,0,5768,0,0,3,1111966,0,0,,,,,0,86258,0,0,2,60396,0,0
12-21373368-T-A,12,21373368,rs374152437,T,A,gnomAD Exomes,PASS,NA,ENST00000240652.8,p.Leu6Gln,p.Leu6Gln,c.17T>A,missense_variant,,,,4,1460840,0.000002738150653048931,0,0,PASS,nfe,6.800000000000001e-7,23.5,0.660,0.00,0.0100,4.17,0.00,0.978,0,33452,0,0,0,44706,0,0,0,26120,0,0,0,39634,0,0,0,53366,0,0,0,5764,0,0,3,1111228,0,0,,,,,0,86232,0,0,1,60338,0,0
12-21373373-G-A,12,21373373,,G,A,gnomAD Exomes,PASS,NA,ENST00000240652.8,p.Val8Ile,p.Val8Ile,c.22G>A,missense_variant,,,,4,1461100,0.0000027376634042844433,0,0,PASS,mid,0.000058209999999999986,3.22,0.0830,0.00,-0.0200,1.47,0.250,0.00300,0,33450,0,0,0,44704,0,0,0,26124,0,0,0,39632,0,0,0,53370,0,0,2,5764,0,0,1,1111466,0,0,,,,,1,86240,0,0,0,60350,0,0
12-21373407-A-G,12,21373407,rs1279799238,A,G,gnomAD Exomes,PASS,NA,ENST00000240652.8,p.His19Arg,p.His19Arg,c.56A>G,missense_variant,,,,4,1460880,0.0000027380756804118066,0,0,PASS,nfe,7.899999999999998e-7,5.57,0.120,0.00,0.00,0.144,0.230,0.00100,0,33458,0,0,0,44700,0,0,0,26110,0,0,0,39626,0,0,0,53378,0,0,0,5764,0,0,4,1111252,0,0,,,,,0,86240,0,0,0,60352,0,0
12-21373666-G-T,12,21373666,,G,T,gnomAD Exomes,PASS,NA,ENST00000542023.1,p.Leu35Phe,p.Leu35Phe,c.105G>T,missense_variant,,,,4,549220,0.0000072830559702851316,0,0,PASS,nfe,0.0000020800000000000004,1.00,,0.00,0.0200,-0.0660,,,0,15696,0,0,0,34464,0,0,0,19972,0,0,0,32026,0,0,0,33306,0,0,0,4054,0,0,3,316518,0,0,,,,,0,62680,0,0,1,30504,0,0
12-21373698-C-T,12,21373698,rs1382689763,C,T,gnomAD Exomes,PASS,NA,ENST00000542023.1,p.Ala46Val,p.Ala46Val,c.137C>T,missense_variant,,,,4,549526,0.000007279000447658527,0,0,PASS,amr,0.00001594,8.54,,0.00,0.00,0.173,,,0,15748,0,0,3,34658,0,0,0,19998,0,0,0,32024,0,0,0,33194,0,0,0,4062,0,0,1,316570,0,0,,,,,0,62732,0,0,0,30540,0,0
12-21378263-A-G,12,21378263,rs2137113837,A,G,gnomAD Exomes,PASS,NA,ENST00000240652.8,p.Asn36Ser,p.Asn36Ser,c.107A>G,missense_variant,,,,4,1461866,0.000002736228901965023,0,0,PASS,nfe,7.899999999999998e-7,21.5,0.105,0.0300,-0.110,3.19,0.0500,0.133,0,33478,0,0,0,44722,0,0,0,26136,0,0,0,39692,0,0,0,53420,0,0,0,5768,0,0,4,1111996,0,0,,,,,0,86258,0,0,0,60396,0,0
12-21378307-C-T,12,21378307,rs369714240,C,T,gnomAD Exomes,PASS,NA,ENST00000240652.8,p.His51Tyr,p.His51Tyr,c.151C>T,missense_variant,,,,4,1461854,0.0000027362513629952103,0,0,PASS,nfe,6.800000000000001e-7,20.3,0.0340,0.00,-0.100,4.14,0.00,0.124,0,33478,0,0,0,44722,0,0,0,26136,0,0,0,39696,0,0,0,53420,0,0,0,5768,0,0,3,1111982,0,0,,,,,0,86256,0,0,1,60396,0,0
12-21378382-G-C,12,21378382,rs761448825,G,C,gnomAD Exomes,PASS,NA,ENST00000240652.8,p.Val76Leu,p.Val76Leu,c.226G>C,missense_variant,,,,4,1461776,0.0000027363973686802902,0,0,PASS,nfe,6.800000000000001e-7,9.00,0.170,0.0300,0.0700,1.47,0.380,0.00500,0,33480,0,0,0,44722,0,0,0,26132,0,0,0,39696,0,0,0,53418,0,0,0,5766,0,0,3,1111908,0,0,,,,,0,86258,0,0,1,60396,0,0
12-21378383-T-A,12,21378383,rs1940365043,T,A,gnomAD Exomes,PASS,NA,ENST00000240652.8,p.Val76Glu,p.Val76Glu,c.227T>A,missense_variant,,,,4,1461770,0.0000027364086005322315,0,0,PASS,nfe,2.8000000000000007e-7,5.21,0.306,0.00,0.190,-3.23,0.0800,0.247,0,33476,0,0,0,44722,0,0,1,26136,0,0,0,39696,0,0,0,53420,0,0,0,5768,0,0,2,1111898,0,0,,,,,0,86258,0,0,1,60396,0,0
12-21378392-TAAAG-T,12,21378392,rs1178399780,TAAAG,T,"gnomAD Exomes,gnomAD Genomes",PASS,PASS,ENST00000240652.8,p.Lys80GlufsTer4,p.Lys80GlufsTer4,c.238_241del,frameshift_variant,,,,4,1614010,0.0000024782993909579246,0,0,PASS,nfe,7.899999999999998e-7,23.8,,0.00,-0.130,1.15,,,0,74934,0,0,0,60004,0,0,0,29608,0,0,0,44892,0,0,0,64040,0,0,0,6084,0,0,4,1179968,0,0,0,912,0,0,0,91088,0,0,0,62480,0,0
12-21378424-T-C,12,21378424,rs753533805,T,C,"gnomAD Exomes,gnomAD Genomes",PASS,PASS,ENST00000240652.8,p.Ter90GlnextTer4,p.Ter90GlnextTer4,c.268T>C,stop_lost,,,,4,1609962,0.0000024845306907864907,0,0,PASS,amr,0.00001327,13.6,,0.00,0.290,3.20,,,0,74846,0,0,3,60004,0,0,0,29586,0,0,0,44868,0,0,0,64038,0,0,0,6078,0,0,1,1176266,0,0,0,912,0,0,0,91018,0,0,0,62346,0,0
12-21373389-T-C,12,21373389,rs754564502,T,C,"gnomAD Exomes,gnomAD Genomes",PASS,PASS,ENST00000240652.8,p.Leu13Pro,p.Leu13Pro,c.38T>C,missense_variant,,,,3,1613560,0.0000018592429162844889,0,0,PASS,afr,0.00001063,15.4,0.557,0.00,0.00,4.21,0.0800,0.0660,3,74922,0,0,0,59980,0,0,0,29590,0,0,0,44830,0,0,0,64008,0,0,0,6078,0,0,0,1179724,0,0,0,912,0,0,0,91058,0,0,0,62458,0,0
12-21378262-A-T,12,21378262,rs142526620,A,T,"gnomAD Exomes,gnomAD Genomes",PASS,PASS,ENST00000240652.8,p.Asn36Tyr,p.Asn36Tyr,c.106A>T,missense_variant,,,,3,1614102,0.0000018586186003115044,0,0,PASS,afr,0.00001063,20.6,0.186,0.0200,-0.0500,1.04,0.00,0.120,3,74942,0,0,0,60006,0,0,0,29608,0,0,0,44896,0,0,0,64046,0,0,0,6084,0,0,0,1180040,0,0,0,912,0,0,0,91078,0,0,0,62490,0,0
12-21378284-A-G,12,21378284,rs775281880,A,G,"gnomAD Exomes,gnomAD Genomes",PASS,PASS,ENST00000240652.8,p.Gln43Arg,p.Gln43Arg,c.128A>G,missense_variant,,,,3,1614092,0.000001858630115259849,0,0,PASS,amr,0.00000553,23.9,0.339,0.00,0.0200,3.11,0.00,0.691,0,74948,0,0,2,60010,0,0,0,29608,0,0,1,44892,0,0,0,64042,0,0,0,6084,0,0,0,1180026,0,0,0,912,0,0,0,91082,0,0,0,62488,0,0
12-21378328-G-A,12,21378328,rs930462939,G,A,gnomAD Exomes,PASS,NA,ENST00000240652.8,p.Ala58Thr,p.Ala58Thr,c.172G>A,missense_variant,,,,3,1461840,0.0000020522081759973734,0,0,PASS,afr,0.00000442,7.67,0.104,0.00,-0.0600,0.134,0.460,0.185,2,33480,0,0,0,44722,0,0,0,26136,0,0,0,39696,0,0,0,53420,0,0,0,5768,0,0,0,1111964,0,0,,,,,0,86258,0,0,1,60396,0,0
12-21378329-C-T,12,21378329,rs865988991,C,T,gnomAD Exomes,PASS,NA,ENST00000240652.8,p.Ala58Val,p.Ala58Val,c.173C>T,missense_variant,,,,3,1461748,0.0000020523373385836683,0,0,PASS,nfe,6.800000000000001e-7,14.0,0.0570,0.00,-0.0700,2.31,0.120,0.231,0,33478,0,0,0,44722,0,0,0,26136,0,0,0,39694,0,0,0,53420,0,0,0,5768,0,0,3,1111884,0,0,,,,,0,86256,0,0,0,60390,0,0
12-21378347-AC-A,12,21378347,rs778491265,AC,A,gnomAD Exomes,PASS,NA,ENST00000240652.8,p.Asn64LysfsTer13,p.Asn64LysfsTer13,c.192del,frameshift_variant,,,,3,1461844,0.0000020522025606015416,0,0,PASS,nfe,6.800000000000001e-7,15.3,,0.00,-0.290,2.31,,,0,33480,0,0,0,44722,0,0,0,26136,0,0,0,39694,0,0,0,53420,0,0,0,5768,0,0,3,1111972,0,0,,,,,0,86258,0,0,0,60394,0,0
12-21378352-G-A,12,21378352,rs200376097,G,A,"gnomAD Exomes,gnomAD Genomes",PASS,PASS,ENST00000240652.8,p.Gly66Arg,p.Gly66Arg,c.196G>A,missense_variant,,,,3,1614126,0.000001858590965017601,0,0,PASS,nfe,6.800000000000001e-7,27.1,0.650,0.00,0.110,6.05,0.00,0.808,0,75038,0,0,0,60020,0,0,0,29606,0,0,0,44880,0,0,0,64020,0,0,0,6062,0,0,3,1180004,0,0,0,912,0,0,0,91080,0,0,0,62504,0,0
12-21378418-C-T,12,21378418,rs766199373,C,T,gnomAD Exomes,PASS,NA,ENST00000240652.8,p.Pro88Ser,p.Pro88Ser,c.262C>T,missense_variant,,,,3,1459898,0.0000020549380847155075,0,0,PASS,nfe,6.800000000000001e-7,13.3,0.0990,0.00,0.0100,1.22,0.0100,0.0100,0,33458,0,0,0,44718,0,0,0,26126,0,0,0,39688,0,0,0,53418,0,0,0,5768,0,0,3,1110186,0,0,,,,,0,86214,0,0,0,60322,0,0
12-21373359-T-C,12,21373359,,T,C,gnomAD Exomes,PASS,NA,ENST00000240652.8,p.Ile3Thr,p.Ile3Thr,c.8T>C,missense_variant,,,,2,1459734,0.0000013701126369598845,0,0,PASS,nfe,2.8000000000000007e-7,4.44,0.302,0.00,0.00,0.296,0.330,0.00100,0,33406,0,0,0,44698,0,0,0,26116,0,0,0,39632,0,0,0,53328,0,0,0,5764,0,0,2,1110288,0,0,,,,,0,86212,0,0,0,60290,0,0
12-21373367-C-A,12,21373367,rs1368478122,C,A,gnomAD Exomes,PASS,NA,ENST00000240652.8,p.Leu6Met,p.Leu6Met,c.16C>A,missense_variant,,,,2,1460580,0.0000013693190376425802,0,0,PASS,nfe,2.8000000000000007e-7,20.4,0.342,0.0100,0.0100,1.51,0.0100,0.978,0,33450,0,0,0,44706,0,0,0,26118,0,0,0,39634,0,0,0,53356,0,0,0,5764,0,0,2,1110990,0,0,,,,,0,86226,0,0,0,60336,0,0
12-21373392-C-G,12,21373392,rs1367248248,C,G,gnomAD Exomes,PASS,NA,ENST00000240652.8,p.Ser14Cys,p.Ser14Cys,c.41C>G,missense_variant,,,,2,1461324,0.0000013686218798842693,0,0,PASS,eas,0.000007400000000000001,7.34,0.162,0.00,-0.0100,2.82,0.0700,0.0140,0,33454,0,0,0,44708,0,0,0,26118,0,0,2,39634,0,0,0,53384,0,0,0,5764,0,0,0,1111656,0,0,,,,,0,86242,0,0,0,60364,0,0
12-21373405-C-G,12,21373405,,C,G,gnomAD Exomes,PASS,NA,ENST00000240652.8,p.Asn18Lys,p.Asn18Lys,c.54C>G,missense_variant,,,,2,1460826,0.0000013690884472209558,0,0,PASS,nfe,2.8000000000000007e-7,7.85,0.0450,0.0200,0.0200,0.533,0.210,0.0860,0,33448,0,0,0,44708,0,0,0,26116,0,0,0,39630,0,0,0,53376,0,0,0,5764,0,0,2,1111194,0,0,,,,,0,86236,0,0,0,60354,0,0
12-21373405-C-A,12,21373405,rs987849270,C,A,gnomAD Exomes,PASS,NA,ENST00000240652.8,p.Asn18Lys,p.Asn18Lys,c.54C>A,missense_variant,,,,2,1460826,0.0000013690884472209558,0,0,PASS,,,7.57,0.0450,0.00,0.00,0.533,0.210,0.0860,0,33448,0,0,0,44708,0,0,0,26116,0,0,0,39630,0,0,0,53376,0,0,0,5764,0,0,0,1111194,0,0,,,,,1,86236,0,0,1,60354,0,0
12-21373406-C-A,12,21373406,,C,A,gnomAD Exomes,PASS,NA,ENST00000240652.8,p.His19Asn,p.His19Asn,c.55C>A,missense_variant,,,,2,1460692,0.000001369214043754604,0,0,PASS,,,3.52,0.0650,0.00,0.0100,1.17,0.170,0.0550,0,33456,0,0,0,44704,0,0,1,26106,0,0,0,39624,0,0,0,53376,0,0,0,5764,0,0,1,1111080,0,0,,,,,0,86236,0,0,0,60346,0,0
12-21373410-T-C,12,21373410,rs758292552,T,C,gnomAD Exomes,PASS,NA,ENST00000240652.8,p.Leu20Pro,p.Leu20Pro,c.59T>C,missense_variant,,,,2,1460638,0.0000013692646637976007,0,0,PASS,nfe,2.8000000000000007e-7,24.2,0.630,0.00,0.0100,2.43,0.0300,0.998,0,33448,0,0,0,44706,0,0,0,26112,0,0,0,39634,0,0,0,53374,0,0,0,5762,0,0,2,1111032,0,0,,,,,0,86236,0,0,0,60334,0,0
12-21373427-G-C,12,21373427,,G,C,gnomAD Exomes,PASS,NA,ENST00000240652.8,p.Glu26Gln,p.Glu26Gln,c.76G>C,missense_variant,,,,2,1456948,0.000001372732588946208,0,0,PASS,nfe,2.8000000000000007e-7,13.3,0.178,0.00,0.0100,1.05,0.200,0.543,0,33366,0,0,0,44698,0,0,0,26090,0,0,0,39600,0,0,0,53362,0,0,0,5758,0,0,2,1107722,0,0,,,,,0,86156,0,0,0,60196,0,0
12-21373656-T-C,12,21373656,rs1278154659,T,C,"gnomAD Exomes,gnomAD Genomes",PASS,PASS,ENST00000542023.1,p.Ile32Thr,p.Ile32Thr,c.95T>C,missense_variant,,,,2,701542,0.000002850862813630545,0,0,PASS,nfe,8.699999999999999e-7,3.10,,0.0300,0.0900,-0.777,,,0,57172,0,0,0,49764,0,0,0,23434,0,0,0,37222,0,0,0,44008,0,0,0,4366,0,0,2,384560,0,0,0,912,0,0,0,67500,0,0,0,32604,0,0
12-21373672-A-T,12,21373672,rs976582409,A,T,"gnomAD Exomes,gnomAD Genomes",PASS,PASS,ENST00000542023.1,p.Arg37Ser,p.Arg37Ser,c.111A>T,missense_variant,,,,2,701474,0.0000028511391726564348,0,0,PASS,,,18.8,,0.00,0.0100,3.92,,,0,57168,0,0,1,49812,0,0,0,23434,0,0,0,37224,0,0,0,43880,0,0,0,4368,0,0,1,384550,0,0,0,912,0,0,0,67522,0,0,0,32604,0,0
12-21373677-T-C,12,21373677,rs1308172648,T,C,gnomAD Genomes,NA,PASS,ENST00000542023.1,p.Ile39Thr,p.Ile39Thr,c.116T>C,missense_variant,,,,2,152156,0.000013144404427035411,0,0,PASS,,,2.71,,0.0300,0.0600,-1.69,,,1,41438,0,0,0,15274,0,0,0,3472,0,0,0,5202,0,0,0,10610,0,0,0,316,0,0,1,68014,0,0,0,910,0,0,0,4830,0,0,0,2090,0,0
12-21373716-C-CG,12,21373716,rs769824646,C,CG,gnomAD Exomes,PASS,NA,ENST00000542023.1,p.Ser56IlefsTer66,p.Ser56IlefsTer66,c.158dup,frameshift_variant,,,lof_flag,2,548756,0.000003644607074911254,0,0,PASS,sas,0.00000492,1.35,,0.0300,0.0200,-0.00300,,,0,15634,0,0,0,34494,0,0,0,19962,0,0,0,32018,0,0,0,33156,0,0,0,4060,0,0,0,316298,0,0,,,,,2,62646,0,0,0,30488,0,0
12-21376329-G-T,12,21376329,,G,T,gnomAD Exomes,PASS,NA,ENST00000535428.1,p.Leu11Phe,p.Leu11Phe,c.33G>T,missense_variant,,,,2,204708,0.000009770013873419701,0,0,PASS,,,5.56,,0.00,0.00,-0.163,,,1,4986,0,0,0,15048,0,0,0,8122,0,0,0,5936,0,0,0,9596,0,0,0,2384,0,0,1,106958,0,0,,,,,0,42282,0,0,0,9396,0,0
12-21376333-C-A,12,21376333,rs1002059648,C,A,"gnomAD Exomes,gnomAD Genomes",PASS,PASS,ENST00000535428.1,p.Gln13Lys,p.Gln13Lys,c.37C>A,missense_variant,,,,2,356248,0.000005614066605286205,0,0,PASS,,,8.74,,0.00,0.00,3.40,,,1,46448,0,0,0,30460,0,0,0,11552,0,0,0,11134,0,0,0,20158,0,0,0,2686,0,0,1,174358,0,0,0,912,0,0,0,47128,0,0,0,11412,0,0
12-21376342-AT-A,12,21376342,,AT,A,gnomAD Exomes,PASS,NA,ENST00000535428.1,p.Phe17LeufsTer29,p.Phe17LeufsTer29,c.50del,frameshift_variant,,,"lc_lof,lof_flag",2,208332,0.000009600061440393219,0,0,PASS,,,4.18,,0.0700,0.0400,0.231,,,0,5188,0,0,0,15396,0,0,1,8156,0,0,0,6244,0,0,0,9688,0,0,0,2378,0,0,1,108744,0,0,,,,,0,42922,0,0,0,9616,0,0
12-21378239-A-G,12,21378239,rs749463838,A,G,gnomAD Exomes,PASS,NA,ENST00000240652.8,p.His28Arg,p.His28Arg,c.83A>G,missense_variant,,,,2,1461772,0.0000013682024282856697,0,0,PASS,sas,0.0000036500000000000006,17.5,0.104,0.0400,-0.0100,-0.495,0.0300,0.0370,0,33474,0,0,0,44724,0,0,0,26134,0,0,0,39694,0,0,0,53420,0,0,0,5768,0,0,0,1111912,0,0,,,,,2,86252,0,0,0,60394,0,0
12-21378248-A-C,12,21378248,,A,C,gnomAD Exomes,PASS,NA,ENST00000240652.8,p.Glu31Ala,p.Glu31Ala,c.92A>C,missense_variant,,,,2,1461780,0.0000013681949404151103,0,0,PASS,,,25.3,0.123,0.200,-0.160,2.43,0.0100,0.489,1,33472,0,0,0,44724,0,0,0,26134,0,0,0,39692,0,0,0,53420,0,0,0,5768,0,0,1,1111928,0,0,,,,,0,86252,0,0,0,60390,0,0
12-21378255-G-A,12,21378255,,G,A,gnomAD Exomes,PASS,NA,ENST00000542023.1,p.Gly64Glu,p.Gly64Glu,c.191G>A,missense_variant,,,,2,1461846,0.0000013681331686100997,0,0,PASS,nfe,2.8000000000000007e-7,10.6,,0.200,-0.110,1.04,,,0,33478,0,0,0,44722,0,0,0,26136,0,0,0,39692,0,0,0,53420,0,0,0,5768,0,0,2,1111988,0,0,,,,,0,86252,0,0,0,60390,0,0
12-21378268-G-A,12,21378268,,G,A,gnomAD Exomes,PASS,NA,ENST00000240652.8,p.Ala38Thr,p.Ala38Thr,c.112G>A,missense_variant,,,,2,1461856,0.0000013681238097322856,0,0,PASS,nfe,2.8000000000000007e-7,23.7,0.369,0.0100,0.0100,2.33,0.00,0.926,0,33480,0,0,0,44722,0,0,0,26136,0,0,0,39692,0,0,0,53420,0,0,0,5768,0,0,2,1111984,0,0,,,,,0,86258,0,0,0,60396,0,0
12-21378283-C-T,12,21378283,rs1940353165,C,T,gnomAD Exomes,PASS,NA,ENST00000240652.8,p.Gln43Ter,p.Gln43Ter,c.127C>T,stop_gained,,,,2,1461864,0.000001368116322722223,0,0,PASS,nfe,2.8000000000000007e-7,36.0,,0.380,-0.300,7.89,,,0,33478,0,0,0,44722,0,0,0,26136,0,0,0,39694,0,0,0,53420,0,0,0,5768,0,0,2,1111996,0,0,,,,,0,86254,0,0,0,60396,0,0
12-21378286-C-A,12,21378286,rs763676184,C,A,gnomAD Exomes,PASS,NA,ENST00000240652.8,p.Arg44Ser,p.Arg44Ser,c.130C>A,missense_variant,,,,2,1461834,0.0000013681443994324936,0,0,PASS,,,22.1,0.258,0.160,-0.100,1.16,0.00,0.186,0,33480,0,0,0,44722,0,0,0,26134,0,0,0,39692,0,0,0,53418,0,0,0,5768,0,0,0,1111968,0,0,,,,,0,86256,0,0,2,60396,0,0
12-21378305-T-C,12,21378305,,T,C,gnomAD Exomes,PASS,NA,ENST00000240652.8,p.Val50Ala,p.Val50Ala,c.149T>C,missense_variant,,,,2,1461876,0.0000013681050923607748,0,0,PASS,nfe,2.8000000000000007e-7,8.00,0.0680,0.00,0.0400,0.0990,0.480,0.00700,0,33480,0,0,0,44722,0,0,0,26136,0,0,0,39696,0,0,0,53420,0,0,0,5768,0,0,2,1112002,0,0,,,,,0,86256,0,0,0,60396,0,0
12-21378317-A-T,12,21378317,rs149268012,A,T,gnomAD Genomes,NA,PASS,ENST00000240652.8,p.Asn54Ile,p.Asn54Ile,c.161A>T,missense_variant,,,,2,152224,0.00001313853268866933,0,0,PASS,afr,0.00000443,23.7,0.223,0.00,-0.0500,2.40,,,2,41456,0,0,0,15284,0,0,0,3472,0,0,0,5198,0,0,0,10630,0,0,0,316,0,0,0,68030,0,0,0,912,0,0,0,4834,0,0,0,2092,0,0
12-21378322-T-G,12,21378322,,T,G,gnomAD Exomes,PASS,NA,ENST00000240652.8,p.Phe56Val,p.Phe56Val,c.166T>G,missense_variant,,,,2,1461828,0.0000013681500149128352,0,0,PASS,nfe,2.8000000000000007e-7,12.5,0.0380,0.00,0.0700,0.245,0.450,0.0150,0,33480,0,0,0,44722,0,0,0,26136,0,0,0,39694,0,0,0,53420,0,0,0,5768,0,0,2,1111960,0,0,,,,,0,86256,0,0,0,60392,0,0
12-21378347-A-G,12,21378347,rs1940360402,A,G,gnomAD Exomes,PASS,NA,ENST00000240652.8,p.Asn64Ser,p.Asn64Ser,c.191A>G,missense_variant,,,,2,1461844,0.0000013681350404010277,0,0,PASS,afr,0.00000442,17.6,0.0830,0.00,-0.0700,2.31,0.0400,0.111,2,33480,0,0,0,44722,0,0,0,26136,0,0,0,39694,0,0,0,53420,0,0,0,5768,0,0,0,1111972,0,0,,,,,0,86258,0,0,0,60394,0,0
12-21378385-G-C,12,21378385,,G,C,gnomAD Exomes,PASS,NA,ENST00000240652.8,p.Glu77Gln,p.Glu77Gln,c.229G>C,missense_variant,,,,2,1461832,0.0000013681462712541523,0,0,PASS,nfe,2.8000000000000007e-7,15.5,0.143,0.00,0.0800,2.10,0.210,0.00700,0,33478,0,0,0,44722,0,0,0,26136,0,0,0,39696,0,0,0,53420,0,0,0,5768,0,0,2,1111958,0,0,,,,,0,86258,0,0,0,60396,0,0
12-21378388-G-A,12,21378388,,G,A,gnomAD Exomes,PASS,NA,ENST00000240652.8,p.Val78Ile,p.Val78Ile,c.232G>A,missense_variant,,,,2,1461820,0.0000013681575022916638,0,0,PASS,nfe,2.8000000000000007e-7,2.23,0.108,0.00,0.0300,0.115,1.00,0.00,0,33480,0,0,0,44722,0,0,0,26136,0,0,0,39696,0,0,0,53420,0,0,0,5768,0,0,2,1111948,0,0,,,,,0,86258,0,0,0,60392,0,0
12-21378400-G-C,12,21378400,,G,C,gnomAD Exomes,PASS,NA,ENST00000240652.8,p.Glu82Gln,p.Glu82Gln,c.244G>C,missense_variant,,,,2,1461732,0.000001368239868867891,0,0,PASS,,,11.4,0.117,0.00,0.0100,0.647,0.170,0.0100,1,33476,0,0,0,44722,0,0,0,26136,0,0,0,39696,0,0,0,53418,0,0,0,5768,0,0,0,1111868,0,0,,,,,0,86254,0,0,1,60394,0,0
12-21378418-C-A,12,21378418,rs766199373,C,A,gnomAD Exomes,PASS,NA,ENST00000240652.8,p.Pro88Thr,p.Pro88Thr,c.262C>A,missense_variant,,,,2,1459898,0.0000013699587231436717,0,0,PASS,eas,0.000007390000000000001,12.4,0.130,0.00,0.0300,1.22,0.0100,0.00500,0,33458,0,0,0,44718,0,0,0,26126,0,0,2,39688,0,0,0,53418,0,0,0,5768,0,0,0,1110186,0,0,,,,,0,86214,0,0,0,60322,0,0
12-21373335-A-T,12,21373335,rs746773690,A,T,gnomAD Exomes,PASS,NA,ENST00000240652.8,c.-15-2A>T,,c.-15-2A>T,splice_acceptor_variant,,,lc_lof,1,1426428,7.010518582080553e-7,0,0,PASS,,,32.0,,0.980,-0.820,3.19,,,0,32750,0,0,1,44654,0,0,0,25876,0,0,0,39450,0,0,0,53208,0,0,0,5700,0,0,0,1080140,0,0,,,,,0,85552,0,0,0,59098,0,0
12-21373358-A-T,12,21373358,rs1161915805,A,T,gnomAD Exomes,PASS,NA,ENST00000240652.8,p.Ile3Phe,p.Ile3Phe,c.7A>T,missense_variant,,,,1,1459682,6.850807230615983e-7,0,0,PASS,,,7.15,0.179,0.00,-0.0100,-0.743,0.0200,0.0860,0,33412,0,0,0,44700,0,0,0,26112,0,0,0,39632,0,0,0,53324,0,0,0,5760,0,0,0,1110238,0,0,,,,,0,86216,0,0,1,60288,0,0
12-21373373-G-T,12,21373373,,G,T,gnomAD Exomes,PASS,NA,ENST00000240652.8,p.Val8Leu,p.Val8Leu,c.22G>T,missense_variant,,,,1,1461100,6.844158510711108e-7,0,0,PASS,,,5.59,0.121,0.00,-0.0300,1.47,0.0700,0.00700,0,33450,0,0,0,44704,0,0,0,26124,0,0,0,39632,0,0,0,53370,0,0,0,5764,0,0,1,1111466,0,0,,,,,0,86240,0,0,0,60350,0,0
12-21373374-T-C,12,21373374,rs1416344280,T,C,gnomAD Exomes,PASS,NA,ENST00000240652.8,p.Val8Ala,p.Val8Ala,c.23T>C,missense_variant,,,,1,1461152,6.843914938350014e-7,0,0,PASS,,,10.2,0.137,0.00,0.00,0.889,0.240,0.00700,0,33450,0,0,1,44706,0,0,0,26122,0,0,0,39634,0,0,0,53368,0,0,0,5762,0,0,0,1111512,0,0,,,,,0,86240,0,0,0,60358,0,0
12-21373377-T-C,12,21373377,,T,C,gnomAD Exomes,PASS,NA,ENST00000240652.8,p.Phe9Ser,p.Phe9Ser,c.26T>C,missense_variant,,,,1,1461246,6.843474678459342e-7,0,0,PASS,,,13.3,0.366,0.00,0.00,-0.219,0.0300,0.0150,0,33454,0,0,0,44706,0,0,0,26124,0,0,0,39632,0,0,0,53370,0,0,0,5764,0,0,0,1111592,0,0,,,,,1,86240,0,0,0,60364,0,0
12-21373378-T-A,12,21373378,,T,A,gnomAD Exomes,PASS,NA,ENST00000240652.8,p.Phe9Leu,p.Phe9Leu,c.27T>A,missense_variant,,,,1,1461296,6.843240520743231e-7,0,0,PASS,,,0.941,0.221,0.00,0.00,-0.239,0.380,0.00,0,33452,0,0,0,44708,0,0,0,26124,0,0,0,39632,0,0,0,53374,0,0,0,5764,0,0,1,1111638,0,0,,,,,0,86240,0,0,0,60364,0,0
12-21373392-C-A,12,21373392,,C,A,gnomAD Exomes,PASS,NA,ENST00000240652.8,p.Ser14Tyr,p.Ser14Tyr,c.41C>A,missense_variant,,,,1,1461324,6.843109399421347e-7,0,0,PASS,,,13.1,0.311,0.00,0.00,2.82,0.0100,0.401,1,33454,0,0,0,44708,0,0,0,26118,0,0,0,39634,0,0,0,53384,0,0,0,5764,0,0,0,1111656,0,0,,,,,0,86242,0,0,0,60364,0,0
12-21373398-C-T,12,21373398,rs1591894861,C,T,gnomAD Exomes,PASS,NA,ENST00000240652.8,p.Ala16Val,p.Ala16Val,c.47C>T,missense_variant,,,,1,1461166,6.843849364137956e-7,0,0,PASS,,,14.1,0.141,0.0100,0.0100,0.910,0.150,0.0120,0,33450,0,0,0,44708,0,0,0,26118,0,0,0,39634,0,0,0,53374,0,0,0,5764,0,0,1,1111508,0,0,,,,,0,86244,0,0,0,60366,0,0
12-21373401-TG-T,12,21373401,,TG,T,gnomAD Exomes,PASS,NA,ENST00000240652.8,p.Asn18ThrfsTer3,p.Asn18ThrfsTer3,c.51del,frameshift_variant,,,,1,1461112,6.844102300165901e-7,0,0,PASS,,,13.9,,0.0300,-0.0300,3.21,,,0,33458,0,0,0,44708,0,0,0,26118,0,0,0,39636,0,0,0,53382,0,0,0,5760,0,0,1,1111446,0,0,,,,,0,86244,0,0,0,60360,0,0
12-21373403-A-G,12,21373403,rs1262493141,A,G,gnomAD Genomes,NA,PASS,ENST00000240652.8,p.Asn18Asp,p.Asn18Asp,c.52A>G,missense_variant,,,,1,152188,0.000006570820301206403,0,0,PASS,,,9.69,0.0570,0.00,0.0100,1.06,0.110,0.0860,1,41456,0,0,0,15278,0,0,0,3470,0,0,0,5196,0,0,0,10622,0,0,0,316,0,0,0,68022,0,0,0,912,0,0,0,4826,0,0,0,2090,0,0
12-21373407-A-C,12,21373407,rs1279799238,A,C,gnomAD Exomes,PASS,NA,ENST00000240652.8,p.His19Pro,p.His19Pro,c.56A>C,missense_variant,,,,1,1460880,6.845189201029517e-7,0,0,PASS,,,8.11,0.283,0.0100,0.0100,0.144,0.110,0.202,0,33458,0,0,0,44700,0,0,0,26110,0,0,0,39626,0,0,0,53378,0,0,0,5764,0,0,0,1111252,0,0,,,,,1,86240,0,0,0,60352,0,0
12-21373409-C-G,12,21373409,rs1939944998,C,G,gnomAD Exomes,PASS,NA,ENST00000240652.8,p.Leu20Val,p.Leu20Val,c.58C>G,missense_variant,,,,1,1460520,6.846876454961246e-7,0,0,PASS,,,18.4,0.415,0.00,0.0100,0.505,0.0400,0.994,0,33446,0,0,0,44702,0,0,0,26112,0,0,0,39626,0,0,0,53372,0,0,0,5762,0,0,1,1110936,0,0,,,,,0,86238,0,0,0,60326,0,0
12-21373419-C-T,12,21373419,rs1939945928,C,T,gnomAD Exomes,PASS,NA,ENST00000240652.8,p.Thr23Ile,p.Thr23Ile,c.68C>T,missense_variant,,,,1,1459408,6.85209345159133e-7,0,0,PASS,,,19.1,0.0960,0.0100,0.0200,0.598,0.0100,0.0110,1,33438,0,0,0,44702,0,0,0,26106,0,0,0,39614,0,0,0,53362,0,0,0,5760,0,0,0,1109926,0,0,,,,,0,86212,0,0,0,60288,0,0
12-21373419-C-A,12,21373419,,C,A,gnomAD Exomes,PASS,NA,ENST00000240652.8,p.Thr23Lys,p.Thr23Lys,c.68C>A,missense_variant,,,,1,1459408,6.85209345159133e-7,0,0,PASS,,,15.8,0.113,0.0200,0.0800,0.598,0.160,0.169,1,33438,0,0,0,44702,0,0,0,26106,0,0,0,39614,0,0,0,53362,0,0,0,5760,0,0,0,1109926,0,0,,,,,0,86212,0,0,0,60288,0,0
12-21373420-A-AC,12,21373420,,A,AC,gnomAD Exomes,PASS,NA,ENST00000240652.8,p.Ile25HisfsTer2,p.Ile25HisfsTer2,c.72dup,frameshift_variant,,,,1,1459398,6.852140403097715e-7,0,0,PASS,,,22.4,,0.0200,0.0100,-0.335,,,1,33434,0,0,0,44702,0,0,0,26106,0,0,0,39608,0,0,0,53362,0,0,0,5758,0,0,0,1109916,0,0,,,,,0,86218,0,0,0,60294,0,0
12-21373422-C-T,12,21373422,,C,T,gnomAD Exomes,PASS,NA,ENST00000240652.8,p.Pro24Leu,p.Pro24Leu,c.71C>T,missense_variant,,,,1,1458292,6.857337213671885e-7,0,0,PASS,,,16.3,0.158,0.00,0.00,2.37,0.0200,0.0290,0,33424,0,0,0,44698,0,0,0,26106,0,0,0,39612,0,0,0,53366,0,0,0,5758,0,0,1,1108908,0,0,,,,,0,86188,0,0,0,60232,0,0
12-21373425-T-C,12,21373425,rs1939946378,T,C,gnomAD Exomes,PASS,NA,ENST00000240652.8,p.Ile25Thr,p.Ile25Thr,c.74T>C,missense_variant,,,,1,1457748,6.859896223489931e-7,0,0,PASS,,,8.23,0.161,0.00,0.00,0.298,0.280,0.00300,0,33394,0,0,0,44698,0,0,0,26096,0,0,0,39612,0,0,0,53364,0,0,0,5758,0,0,0,1108412,0,0,,,,,1,86176,0,0,0,60238,0,0
12-21373432-G-C,12,21373432,rs1185850731,G,C,gnomAD Exomes,PASS,NA,ENST00000240652.8,c.80+1G>C,,c.80+1G>C,splice_donor_variant,,,,1,1454174,6.876756151602215e-7,0,0,PASS,,,33.0,,0.990,-0.870,7.95,,,0,33304,0,0,0,44690,0,0,0,26062,0,0,0,39600,0,0,0,53342,0,0,0,5758,0,0,1,1105196,0,0,,,,,0,86096,0,0,0,60126,0,0
12-21373432-G-T,12,21373432,,G,T,gnomAD Exomes,PASS,NA,ENST00000240652.8,c.80+1G>T,,c.80+1G>T,splice_donor_variant,,,,1,1454174,6.876756151602215e-7,0,0,PASS,,,33.0,,0.990,-0.860,7.95,,,0,33304,0,0,0,44690,0,0,0,26062,0,0,0,39600,0,0,0,53342,0,0,0,5758,0,0,1,1105196,0,0,,,,,0,86096,0,0,0,60126,0,0
12-21373644-A-G,12,21373644,,A,G,gnomAD Exomes,PASS,NA,ENST00000542023.1,p.Gln28Arg,p.Gln28Arg,c.83A>G,missense_variant,,,,1,548876,0.0000018219051297560834,0,0,PASS,,,16.0,,0.280,0.260,0.232,,,0,15618,0,0,0,34330,0,0,0,19902,0,0,0,32020,0,0,0,33516,0,0,0,4048,0,0,1,316410,0,0,,,,,0,62560,0,0,0,30472,0,0
12-21373649-T-C,12,21373649,,T,C,gnomAD Exomes,PASS,NA,ENST00000542023.1,p.Trp30Arg,p.Trp30Arg,c.88T>C,missense_variant,,,,1,549372,0.0000018202602244016805,0,0,PASS,,,13.3,,0.0500,0.150,-0.864,,,0,15692,0,0,0,34450,0,0,0,19950,0,0,0,32026,0,0,0,33494,0,0,0,4050,0,0,1,316528,0,0,,,,,0,62670,0,0,0,30512,0,0
12-21373655-A-G,12,21373655,rs1259753597,A,G,gnomAD Exomes,PASS,NA,ENST00000542023.1,p.Ile32Val,p.Ile32Val,c.94A>G,missense_variant,,,,1,549368,0.0000018202734778873178,0,0,PASS,,,6.93,,0.0100,0.0300,-0.819,,,0,15694,0,0,0,34504,0,0,0,19966,0,0,1,32026,0,0,0,33410,0,0,0,4048,0,0,0,316544,0,0,,,,,0,62664,0,0,0,30512,0,0
12-21373661-G-A,12,21373661,rs1685721841,G,A,gnomAD Exomes,PASS,NA,ENST00000542023.1,p.Val34Ile,p.Val34Ile,c.100G>A,missense_variant,,,,1,549210,0.0000018207971449900767,0,0,PASS,,,6.65,,0.00,0.00,-0.294,,,0,15702,0,0,0,34462,0,0,0,19966,0,0,0,32026,0,0,0,33328,0,0,0,4050,0,0,1,316500,0,0,,,,,0,62672,0,0,0,30504,0,0
12-21373667-T-A,12,21373667,,T,A,gnomAD Exomes,PASS,NA,ENST00000542023.1,p.Ser36Thr,p.Ser36Thr,c.106T>A,missense_variant,,,,1,549160,0.000001820962925194843,0,0,PASS,,,2.87,,0.0100,0.0400,-0.319,,,0,15688,0,0,0,34464,0,0,0,19964,0,0,0,32026,0,0,0,33290,0,0,0,4052,0,0,0,316502,0,0,,,,,0,62672,0,0,1,30502,0,0
12-21373667-T-C,12,21373667,,T,C,gnomAD Exomes,PASS,NA,ENST00000542023.1,p.Ser36Pro,p.Ser36Pro,c.106T>C,missense_variant,,,,1,549158,0.0000018209695570309455,0,0,PASS,,,3.42,,0.0100,0.0400,-0.319,,,0,15688,0,0,0,34464,0,0,0,19962,0,0,1,32026,0,0,0,33290,0,0,0,4052,0,0,0,316502,0,0,,,,,0,62672,0,0,0,30502,0,0
12-21373671-G-T,12,21373671,rs1377330495,G,T,gnomAD Exomes,PASS,NA,ENST00000542023.1,p.Arg37Ile,p.Arg37Ile,c.110G>T,missense_variant,,,,1,549234,0.0000018207175812131077,0,0,PASS,,,17.3,,0.00,0.00,1.71,,,0,15696,0,0,0,34490,0,0,0,19968,0,0,0,32028,0,0,0,33266,0,0,0,4054,0,0,1,316540,0,0,,,,,0,62686,0,0,0,30506,0,0
12-21373671-G-A,12,21373671,rs1377330495,G,A,gnomAD Exomes,PASS,NA,ENST00000542023.1,p.Arg37Lys,p.Arg37Lys,c.110G>A,missense_variant,,,,1,549234,0.0000018207175812131077,0,0,PASS,,,16.8,,0.00,0.00,1.71,,,1,15696,0,0,0,34490,0,0,0,19968,0,0,0,32028,0,0,0,33266,0,0,0,4054,0,0,0,316540,0,0,,,,,0,62686,0,0,0,30506,0,0
12-21373677-T-G,12,21373677,,T,G,gnomAD Exomes,PASS,NA,ENST00000542023.1,p.Ile39Arg,p.Ile39Arg,c.116T>G,missense_variant,,,,1,549296,0.0000018205120736360724,0,0,PASS,,,2.39,,0.0300,0.0300,-1.69,,,0,15710,0,0,0,34536,0,0,0,19980,0,0,0,32030,0,0,0,33240,0,0,0,4056,0,0,1,316542,0,0,,,,,0,62690,0,0,0,30512,0,0
12-21373688-C-T,12,21373688,rs999145854,C,T,gnomAD Exomes,PASS,NA,ENST00000542023.1,p.Leu43Phe,p.Leu43Phe,c.127C>T,missense_variant,,,,1,549558,0.0000018196441503899498,0,0,PASS,,,4.31,,0.0100,0.0400,-0.964,,,0,15750,0,0,0,34660,0,0,0,19994,0,0,0,32026,0,0,0,33200,0,0,0,4066,0,0,0,316584,0,0,,,,,0,62734,0,0,1,30544,0,0
12-21373695-G-A,12,21373695,,G,A,gnomAD Exomes,PASS,NA,ENST00000542023.1,p.Gly45Glu,p.Gly45Glu,c.134G>A,missense_variant,,,,1,549488,0.0000018198759572547535,0,0,PASS,,,10.8,,0.0300,0.0300,0.280,,,0,15748,0,0,0,34676,0,0,0,19992,0,0,0,32022,0,0,1,33192,0,0,0,4064,0,0,0,316536,0,0,,,,,0,62716,0,0,0,30542,0,0
12-21373701-A-G,12,21373701,rs1388060400,A,G,gnomAD Exomes,PASS,NA,ENST00000542023.1,p.Lys47Arg,p.Lys47Arg,c.140A>G,missense_variant,,,,1,549552,0.0000018196640172358575,0,0,PASS,,,11.4,,0.00,0.00,1.70,,,0,15752,0,0,0,34672,0,0,0,20000,0,0,1,32028,0,0,0,33190,0,0,0,4064,0,0,0,316568,0,0,,,,,0,62730,0,0,0,30548,0,0
12-21373701-A-C,12,21373701,,A,C,gnomAD Exomes,PASS,NA,ENST00000542023.1,p.Lys47Thr,p.Lys47Thr,c.140A>C,missense_variant,,,,1,549552,0.0000018196640172358575,0,0,PASS,,,12.6,,0.180,0.170,1.70,,,0,15752,0,0,0,34672,0,0,0,20000,0,0,0,32028,0,0,0,33190,0,0,0,4064,0,0,1,316568,0,0,,,,,0,62730,0,0,0,30548,0,0
12-21373710-A-G,12,21373710,,A,G,gnomAD Exomes,PASS,NA,ENST00000542023.1,p.His50Arg,p.His50Arg,c.149A>G,missense_variant,,,,1,549400,0.0000018201674554058973,0,0,PASS,,,1.98,,0.0300,0.0400,0.237,,,0,15722,0,0,0,34658,0,0,0,19998,0,0,0,32024,0,0,0,33166,0,0,0,4064,0,0,1,316520,0,0,,,,,0,62718,0,0,0,30530,0,0
12-21373712-G-A,12,21373712,rs1414845423,G,A,gnomAD Genomes,NA,PASS,ENST00000542023.1,p.Glu51Lys,p.Glu51Lys,c.151G>A,missense_variant,,,,1,152084,0.000006575313642460746,0,0,PASS,,,6.93,,0.0300,0.0600,0.279,,,1,41414,0,0,0,15272,0,0,0,3472,0,0,0,5190,0,0,0,10600,0,0,0,316,0,0,0,67988,0,0,0,912,0,0,0,4838,0,0,0,2082,0,0
12-21373716-C-A,12,21373716,,C,A,gnomAD Exomes,PASS,NA,ENST00000542023.1,p.Ala52Glu,p.Ala52Glu,c.155C>A,missense_variant,,,,1,548756,0.000001822303537455627,0,0,PASS,,,2.05,,0.0800,0.130,-0.00300,,,0,15634,0,0,0,34494,0,0,0,19962,0,0,0,32018,0,0,0,33156,0,0,0,4060,0,0,1,316298,0,0,,,,,0,62646,0,0,0,30488,0,0
12-21373719-G-GA,12,21373719,rs1565521278,G,GA,gnomAD Exomes,PASS,NA,ENST00000542023.1,p.Ser56IlefsTer66,p.Ser56IlefsTer66,c.165dup,frameshift_variant,,,lof_flag,1,548206,0.0000018241318044676636,0,0,PASS,,,2.19,,0.0200,0.0500,1.12,,,0,15512,0,0,0,34400,0,0,0,19928,0,0,0,32018,0,0,0,33156,0,0,0,4052,0,0,1,316110,0,0,,,,,0,62594,0,0,0,30436,0,0
12-21373728-C-A,12,21373728,,C,A,gnomAD Exomes,PASS,NA,ENST00000542023.1,p.Ser56Ter,p.Ser56Ter,c.167C>A,stop_gained,,,lof_flag,1,549016,0.000001821440540894983,0,0,PASS,,,7.33,,0.0200,0.130,0.473,,,0,15676,0,0,0,34588,0,0,0,19964,0,0,0,32018,0,0,0,33158,0,0,0,4054,0,0,0,316386,0,0,,,,,1,62664,0,0,0,30508,0,0
12-21373735-T-C,12,21373735,rs1939975266,T,C,gnomAD Genomes,NA,PASS,ENST00000542023.1,c.172+2T>C,,c.172+2T>C,splice_donor_variant,,,,1,152094,0.000006574881323392112,0,0,PASS,,,10.8,,0.0200,0.0300,-0.0540,,,0,41418,0,0,0,15266,0,0,0,3468,0,0,0,5190,0,0,0,10602,0,0,0,316,0,0,1,68002,0,0,0,912,0,0,0,4830,0,0,0,2090,0,0
12-21376322-G-T,12,21376322,,G,T,gnomAD Exomes,PASS,NA,ENST00000535428.1,c.26-1G>T,,c.26-1G>T,splice_acceptor_variant,,,,1,200494,0.000004987680429339531,0,0,PASS,,,7.24,,0.00,0.00,0.0170,,,0,4848,0,0,0,14386,0,0,0,7970,0,0,1,5826,0,0,0,9474,0,0,0,2324,0,0,0,104728,0,0,,,,,0,41788,0,0,0,9150,0,0
12-21376325-G-T,12,21376325,,G,T,gnomAD Exomes,PASS,NA,ENST00000535428.1,p.Cys10Phe,p.Cys10Phe,c.29G>T,missense_variant,,,,1,208548,0.000004795059171030171,0,0,PASS,,,1.10,,0.0100,0.0100,-1.80,,,1,5156,0,0,0,15492,0,0,0,8232,0,0,0,6084,0,0,0,9706,0,0,0,2388,0,0,0,108776,0,0,,,,,0,43154,0,0,0,9560,0,0
12-21376327-T-A,12,21376327,,T,A,gnomAD Exomes,PASS,NA,ENST00000535428.1,p.Leu11Met,p.Leu11Met,c.31T>A,missense_variant,,,,1,210410,0.0000047526258257687375,0,0,PASS,,,4.55,,0.00,0.00,-0.125,,,0,5228,0,0,0,15426,0,0,0,8274,0,0,0,6302,0,0,0,9762,0,0,0,2396,0,0,1,110058,0,0,,,,,0,43304,0,0,0,9660,0,0
12-21376333-C-T,12,21376333,,C,T,gnomAD Exomes,PASS,NA,ENST00000535428.1,p.Gln13Ter,p.Gln13Ter,c.37C>T,stop_gained,,,"lc_lof,lof_flag",1,204356,0.000004893421284425218,0,0,PASS,,,12.2,,0.00,0.00,3.40,,,0,5070,0,0,0,15230,0,0,1,8082,0,0,0,5962,0,0,0,9580,0,0,0,2370,0,0,0,106434,0,0,,,,,0,42298,0,0,0,9330,0,0
12-21376345-T-A,12,21376345,rs551847146,T,A,gnomAD Genomes,NA,PASS,ENST00000535428.1,p.Phe17Ile,p.Phe17Ile,c.49T>A,missense_variant,,,,1,152238,0.0000065686622262510016,0,0,PASS,,,4.39,,0.0200,0.0200,-0.168,,,0,41578,0,0,0,15290,0,0,0,3472,0,0,0,5180,0,0,0,10618,0,0,0,294,0,0,0,67954,0,0,0,912,0,0,1,4828,0,0,0,2112,0,0
12-21376351-GT-G,12,21376351,,GT,G,gnomAD Exomes,PASS,NA,ENST00000535428.1,p.Gln21LysfsTer25,p.Gln21LysfsTer25,c.59del,frameshift_variant,,,"lc_lof,lof_flag",1,203374,0.000004917049377009844,0,0,PASS,,,4.20,,0.0500,0.110,-0.877,,,0,4952,0,0,0,14998,0,0,0,7998,0,0,0,5884,0,0,0,9620,0,0,0,2304,0,0,1,106196,0,0,,,,,0,42104,0,0,0,9318,0,0
12-21376356-T-G,12,21376356,rs1353194263,T,G,gnomAD Genomes,NA,PASS,ENST00000535428.1,p.Phe20Leu,p.Phe20Leu,c.60T>G,missense_variant,,,,1,152104,0.000006574449061168674,0,0,PASS,,,5.34,,0.0900,0.0900,0.379,,,0,41434,0,0,0,15268,0,0,0,3472,0,0,0,5188,0,0,0,10618,0,0,0,316,0,0,1,67980,0,0,0,912,0,0,0,4826,0,0,0,2090,0,0
12-21376360-G-T,12,21376360,,G,T,gnomAD Exomes,PASS,NA,ENST00000535428.1,p.Glu22Ter,p.Glu22Ter,c.64G>T,stop_gained,,,"lc_lof,lof_flag",1,202778,0.0000049315014449299235,0,0,PASS,,,15.2,,0.00,0.00,-0.0400,,,0,5022,0,0,0,15288,0,0,0,8036,0,0,0,5824,0,0,0,9570,0,0,0,2248,0,0,0,105256,0,0,,,,,1,42162,0,0,0,9372,0,0
12-21376362-AAAGT-A,12,21376362,rs1940191138,AAAGT,A,gnomAD Genomes,NA,PASS,ENST00000535428.1,c.67+4_67+7del,,c.67+4_67+7del,splice_donor_variant,,,,1,152120,0.000006573757559821194,0,0,PASS,,,19.1,,0.00,0.0100,0.125,,,0,41442,0,0,0,15262,0,0,0,3470,0,0,0,5198,0,0,0,10628,0,0,0,316,0,0,1,67976,0,0,0,912,0,0,0,4830,0,0,0,2086,0,0
12-21376366-T-A,12,21376366,,T,A,gnomAD Exomes,PASS,NA,ENST00000535428.1,c.67+2T>A,,c.67+2T>A,splice_donor_variant,,,,1,211106,0.0000047369567894801664,0,0,PASS,,,8.96,,0.350,0.430,-0.133,,,0,5274,0,0,0,15816,0,0,0,8292,0,0,0,6338,0,0,0,9896,0,0,0,2186,0,0,0,109758,0,0,,,,,0,43796,0,0,1,9750,0,0
12-21376366-T-C,12,21376366,rs951139904,T,C,gnomAD Genomes,NA,PASS,ENST00000535428.1,c.67+2T>C,,c.67+2T>C,splice_donor_variant,,,,1,152144,0.000006572720580502681,0,0,AC0,,,5.13,,0.0100,0.0300,-0.133,,,0,41460,0,0,0,15274,0,0,0,3470,0,0,0,5190,0,0,0,10628,0,0,0,316,0,0,1,67978,0,0,0,912,0,0,0,4830,0,0,0,2086,0,0
12-21378235-A-T,12,21378235,,A,T,gnomAD Exomes,PASS,NA,ENST00000240652.8,c.81-2A>T,,c.81-2A>T,splice_acceptor_variant,,,,1,1461610,6.841770376502624e-7,0,0,PASS,,,28.0,,0.720,0.590,0.950,,,0,33470,0,0,0,44724,0,0,0,26132,0,0,0,39690,0,0,0,53420,0,0,0,5766,0,0,1,1111770,0,0,,,,,0,86250,0,0,0,60388,0,0
12-21378237-T-A,12,21378237,rs780362061,T,A,gnomAD Genomes,NA,PASS,ENST00000240652.8,p.Ser27Arg,p.Ser27Arg,c.81T>A,missense_variant,,,,1,152202,0.000006570215897294385,0,0,PASS,,,22.4,0.116,0.00,-0.0200,-0.0610,0.00,0.874,1,41456,0,0,0,15286,0,0,0,3468,0,0,0,5200,0,0,0,10622,0,0,0,316,0,0,0,68030,0,0,0,910,0,0,0,4826,0,0,0,2088,0,0
12-21378240-T-A,12,21378240,,T,A,gnomAD Exomes,PASS,NA,ENST00000240652.8,p.His28Gln,p.His28Gln,c.84T>A,missense_variant,,,,1,1461766,6.841040221211877e-7,0,0,PASS,,,21.5,0.0920,0.00,0.120,-0.265,0.0400,0.717,0,33472,0,0,0,44722,0,0,0,26134,0,0,0,39694,0,0,0,53420,0,0,0,5768,0,0,1,1111910,0,0,,,,,0,86252,0,0,0,60394,0,0
12-21378247-G-A,12,21378247,,G,A,gnomAD Exomes,PASS,NA,ENST00000542023.1,p.Trp61Ter,p.Trp61Ter,c.183G>A,stop_gained,,,lof_flag,1,1461838,6.84070327902271e-7,0,0,PASS,,,23.5,0.0620,0.0500,-0.0500,4.16,0.0100,0.0660,0,33474,0,0,0,44724,0,0,0,26136,0,0,0,39692,0,0,0,53420,0,0,0,5768,0,0,1,1111974,0,0,,,,,0,86256,0,0,0,60394,0,0
12-21378250-A-G,12,21378250,,A,G,gnomAD Exomes,PASS,NA,ENST00000240652.8,p.Lys32Glu,p.Lys32Glu,c.94A>G,missense_variant,,,,1,1461852,6.840637766340232e-7,0,0,PASS,,,25.7,0.265,0.00,0.0700,5.65,0.00,0.809,0,33476,0,0,0,44724,0,0,0,26136,0,0,0,39692,0,0,0,53420,0,0,0,5768,0,0,1,1111988,0,0,,,,,0,86256,0,0,0,60392,0,0
12-21378256-A-G,12,21378256,,A,G,gnomAD Exomes,PASS,NA,ENST00000240652.8,p.Lys34Glu,p.Lys34Glu,c.100A>G,missense_variant,,,,1,1461858,6.840609689860438e-7,0,0,PASS,,,25.6,0.197,0.150,-0.110,2.45,0.0300,0.739,0,33478,0,0,0,44722,0,0,0,26136,0,0,0,39692,0,0,0,53420,0,0,0,5768,0,0,1,1111992,0,0,,,,,0,86256,0,0,0,60394,0,0
12-21378258-A-G,12,21378258,,A,G,gnomAD Exomes,PASS,NA,ENST00000542023.1,p.Asn65Ser,p.Asn65Ser,c.194A>G,missense_variant,,,,1,1461862,6.840590972335282e-7,0,0,PASS,,,5.79,,0.00,-0.0100,-0.384,,,0,33478,0,0,0,44720,0,0,0,26136,0,0,0,39692,0,0,0,53420,0,0,0,5768,0,0,1,1111996,0,0,,,,,0,86256,0,0,0,60396,0,0
12-21378262-A-C,12,21378262,,A,C,gnomAD Exomes,PASS,NA,ENST00000240652.8,p.Asn36His,p.Asn36His,c.106A>C,missense_variant,,,,1,1461862,6.840590972335282e-7,0,0,PASS,,,23.1,0.208,0.140,-0.180,1.04,0.00,0.854,0,33480,0,0,0,44724,0,0,0,26136,0,0,0,39692,0,0,1,53420,0,0,0,5768,0,0,0,1111992,0,0,,,,,0,86254,0,0,0,60396,0,0
12-21378281-C-A,12,21378281,rs761079012,C,A,gnomAD Exomes,PASS,NA,ENST00000240652.8,p.Thr42Lys,p.Thr42Lys,c.125C>A,missense_variant,,,,1,1461838,6.84070327902271e-7,0,0,PASS,,,18.2,0.261,0.180,-0.120,0.379,0.00,0.806,0,33478,0,0,0,44724,0,0,0,26136,0,0,0,39690,0,0,0,53418,0,0,0,5768,0,0,0,1111970,0,0,,,,,0,86258,0,0,1,60396,0,0
12-21378283-C-A,12,21378283,,C,A,gnomAD Exomes,PASS,NA,ENST00000240652.8,p.Gln43Lys,p.Gln43Lys,c.127C>A,missense_variant,,,,1,1461864,6.840581613611115e-7,0,0,PASS,,,23.0,0.259,0.00,0.0400,7.89,0.0100,0.492,0,33478,0,0,0,44722,0,0,0,26136,0,0,0,39694,0,0,0,53420,0,0,0,5768,0,0,1,1111996,0,0,,,,,0,86254,0,0,0,60396,0,0
12-21378286-C-G,12,21378286,rs763676184,C,G,gnomAD Genomes,NA,PASS,ENST00000240652.8,p.Arg44Gly,p.Arg44Gly,c.130C>G,missense_variant,,,,1,152182,0.0000065710793654965765,0,0,PASS,,,24.2,0.283,0.350,-0.230,1.16,,,0,41444,0,0,1,15276,0,0,0,3472,0,0,0,5204,0,0,0,10620,0,0,0,316,0,0,0,68032,0,0,0,912,0,0,0,4816,0,0,0,2090,0,0
12-21378287-G-T,12,21378287,,G,T,gnomAD Exomes,PASS,NA,ENST00000240652.8,p.Arg44Leu,p.Arg44Leu,c.131G>T,missense_variant,,,,1,1461854,6.840628407488026e-7,0,0,PASS,,,24.8,0.256,0.130,-0.0900,1.78,0.00,0.573,0,33480,0,0,0,44722,0,0,0,26136,0,0,0,39694,0,0,0,53418,0,0,0,5768,0,0,1,1111984,0,0,,,,,0,86256,0,0,0,60396,0,0
12-21378287-G-C,12,21378287,,G,C,gnomAD Exomes,PASS,NA,ENST00000240652.8,p.Arg44Pro,p.Arg44Pro,c.131G>C,missense_variant,,,,1,1461854,6.840628407488026e-7,0,0,PASS,,,26.5,0.352,0.240,-0.150,1.78,0.00,0.899,0,33480,0,0,0,44722,0,0,0,26136,0,0,0,39694,0,0,0,53418,0,0,0,5768,0,0,0,1111984,0,0,,,,,1,86256,0,0,0,60396,0,0
12-21378288-C-T,12,21378288,rs757281888,C,T,gnomAD Exomes,PASS,NA,ENST00000542023.1,p.Ala75Val,p.Ala75Val,c.224C>T,missense_variant,,,,1,1461864,6.840581613611115e-7,0,0,PASS,,,8.55,,0.00,-0.0400,0.304,,,0,33480,0,0,0,44722,0,0,0,26136,0,0,0,39694,0,0,0,53418,0,0,0,5768,0,0,0,1111994,0,0,,,,,1,86256,0,0,0,60396,0,0
12-21378288-C-A,12,21378288,rs757281888,C,A,gnomAD Genomes,NA,PASS,ENST00000542023.1,p.Ala75Asp,p.Ala75Asp,c.224C>A,missense_variant,,,,1,152214,0.0000065696979252893955,0,0,PASS,,,7.98,,0.0100,0.0300,0.304,,,0,41458,0,0,0,15286,0,0,0,3472,0,0,0,5200,0,0,0,10628,0,0,0,316,0,0,1,68034,0,0,0,912,0,0,0,4816,0,0,0,2092,0,0
12-21378290-T-C,12,21378290,rs1484149172,T,C,gnomAD Exomes,PASS,NA,ENST00000240652.8,p.Leu45Pro,p.Leu45Pro,c.134T>C,missense_variant,,,,1,1461868,6.840562896239606e-7,0,0,PASS,,,27.1,0.689,0.0100,0.0200,5.66,0.00,1.00,0,33480,0,0,1,44722,0,0,0,26136,0,0,0,39696,0,0,0,53420,0,0,0,5768,0,0,0,1111992,0,0,,,,,0,86258,0,0,0,60396,0,0
12-21378291-G-A,12,21378291,rs921793087,G,A,gnomAD Genomes,NA,PASS,ENST00000542023.1,p.Trp76Ter,p.Trp76Ter,c.227G>A,stop_gained,,,lof_flag,1,152190,0.000006570733950982325,0,0,PASS,,,9.32,,0.00,-0.130,6.08,,,0,41442,0,0,0,15280,0,0,0,3472,0,0,0,5202,0,0,0,10626,0,0,0,316,0,0,1,68016,0,0,0,912,0,0,0,4830,0,0,0,2094,0,0
12-21378291-G-T,12,21378291,,G,T,gnomAD Exomes,PASS,NA,ENST00000542023.1,p.Trp76Leu,p.Trp76Leu,c.227G>T,missense_variant,,,,1,1461866,6.840572254912557e-7,0,0,PASS,,,8.76,,0.00,-0.130,6.08,,,0,33480,0,0,0,44722,0,0,0,26136,0,0,0,39696,0,0,0,53418,0,0,0,5768,0,0,1,1111994,0,0,,,,,0,86258,0,0,0,60394,0,0
12-21378292-G-A,12,21378292,rs1200804343,G,A,gnomAD Exomes,PASS,NA,ENST00000542023.1,p.Trp76Ter,p.Trp76Ter,c.228G>A,stop_gained,,,lof_flag,1,1461868,6.840562896239606e-7,0,0,PASS,,,17.8,0.110,0.0100,0.0100,0.119,0.140,0.0770,0,33480,0,0,0,44722,0,0,0,26136,0,0,0,39696,0,0,0,53418,0,0,0,5768,0,0,1,1111994,0,0,,,,,0,86258,0,0,0,60396,0,0
12-21378293-C-A,12,21378293,rs1242505102,C,A,gnomAD Genomes,NA,PASS,ENST00000240652.8,p.Ala46Glu,p.Ala46Glu,c.137C>A,missense_variant,,,,1,152190,0.000006570733950982325,0,0,PASS,,,22.1,0.244,0.0300,0.0700,2.31,,,0,41448,0,0,0,15274,0,0,0,3470,0,0,0,5194,0,0,0,10624,0,0,0,316,0,0,0,68026,0,0,0,912,0,0,1,4832,0,0,0,2094,0,0
12-21378293-C-G,12,21378293,,C,G,gnomAD Exomes,PASS,NA,ENST00000240652.8,p.Ala46Gly,p.Ala46Gly,c.137C>G,missense_variant,,,,1,1461850,6.840647125218045e-7,0,0,PASS,,,23.5,0.148,0.0100,0.0100,2.31,0.00,0.657,0,33478,0,0,0,44722,0,0,0,26136,0,0,0,39694,0,0,0,53420,0,0,0,5768,0,0,1,1111982,0,0,,,,,0,86258,0,0,0,60392,0,0
12-21378295-A-G,12,21378295,,A,G,gnomAD Exomes,PASS,NA,ENST00000240652.8,p.Asn47Asp,p.Asn47Asp,c.139A>G,missense_variant,,,,1,1461870,6.840553537592262e-7,0,0,PASS,,,15.0,0.0670,0.00,0.0400,0.993,0.900,0.0280,0,33480,0,0,0,44722,0,0,0,26136,0,0,0,39696,0,0,0,53418,0,0,0,5768,0,0,1,1111996,0,0,,,,,0,86258,0,0,0,60396,0,0
12-21378299-T-A,12,21378299,rs750354470,T,A,gnomAD Exomes,PASS,NA,ENST00000240652.8,p.Phe48Tyr,p.Phe48Tyr,c.143T>A,missense_variant,,,,1,1461872,6.840544178970525e-7,0,0,PASS,,,23.7,0.271,0.00,0.0200,4.07,0.0600,0.989,0,33480,0,0,0,44722,0,0,0,26136,0,0,0,39696,0,0,0,53420,0,0,0,5768,0,0,0,1111996,0,0,,,,,1,86258,0,0,0,60396,0,0
12-21378315-C-A,12,21378315,rs1940357877,C,A,gnomAD Genomes,NA,PASS,ENST00000240652.8,p.Ser53Arg,p.Ser53Arg,c.159C>A,missense_variant,,,,1,152216,0.0000065696116045619385,0,0,PASS,,,23.2,0.233,0.00,-0.190,0.468,,,0,41448,0,0,0,15278,0,0,0,3472,0,0,0,5204,0,0,0,10620,0,0,0,316,0,0,0,68040,0,0,0,912,0,0,1,4834,0,0,0,2092,0,0
12-21378316-A-G,12,21378316,,A,G,gnomAD Exomes,PASS,NA,ENST00000240652.8,p.Asn54Asp,p.Asn54Asp,c.160A>G,missense_variant,,,,1,1461852,6.840637766340232e-7,0,0,PASS,,,15.0,0.0400,0.00,0.0400,0.543,0.0700,0.0450,0,33480,0,0,0,44722,0,0,0,26136,0,0,0,39696,0,0,0,53420,0,0,0,5768,0,0,1,1111976,0,0,,,,,0,86258,0,0,0,60396,0,0
12-21378325-G-C,12,21378325,rs1466929132,G,C,gnomAD Genomes,NA,PASS,ENST00000240652.8,p.Gly57Arg,p.Gly57Arg,c.169G>C,missense_variant,,,,1,152172,0.000006571511184712037,0,0,AC0,,,23.1,0.235,0.00,0.0200,6.13,0.0600,0.954,1,41434,0,0,0,15270,0,0,0,3472,0,0,0,5204,0,0,0,10608,0,0,0,316,0,0,0,68040,0,0,0,912,0,0,0,4826,0,0,0,2090,0,0
12-21378325-G-A,12,21378325,rs1466929132,G,A,gnomAD Exomes,PASS,NA,ENST00000240652.8,p.Gly57Ser,p.Gly57Ser,c.169G>A,missense_variant,,,,1,1461844,6.840675202005138e-7,0,0,PASS,,,21.6,0.121,0.00,-0.210,6.13,0.0700,0.399,0,33480,0,0,0,44722,0,0,0,26134,0,0,0,39696,0,0,0,53420,0,0,0,5768,0,0,0,1111970,0,0,,,,,0,86258,0,0,1,60396,0,0
12-21378332-T-C,12,21378332,rs773753046,T,C,gnomAD Genomes,NA,PASS,ENST00000240652.8,p.Ile59Thr,p.Ile59Thr,c.176T>C,missense_variant,,,,1,152238,0.0000065686622262510016,0,0,PASS,,,14.6,0.0590,0.00,-0.0100,1.02,,,0,41452,0,0,0,15292,0,0,0,3470,0,0,1,5202,0,0,0,10626,0,0,0,316,0,0,0,68042,0,0,0,912,0,0,0,4836,0,0,0,2090,0,0
12-21378334-C-T,12,21378334,rs1336461178,C,T,gnomAD Exomes,PASS,NA,ENST00000240652.8,p.Leu60Phe,p.Leu60Phe,c.178C>T,missense_variant,,,,1,1461782,6.840965342301383e-7,0,0,PASS,,,6.72,0.0590,0.00,-0.0400,1.05,0.870,0.00700,0,33480,0,0,0,44722,0,0,0,26136,0,0,0,39696,0,0,0,53420,0,0,0,5768,0,0,0,1111912,0,0,,,,,1,86256,0,0,0,60392,0,0
12-21378335-T-C,12,21378335,,T,C,gnomAD Exomes,PASS,NA,ENST00000240652.8,p.Leu60Pro,p.Leu60Pro,c.179T>C,missense_variant,,,,1,1461842,6.840684560985387e-7,0,0,PASS,,,13.5,0.234,0.00,0.0100,0.636,0.100,0.0180,0,33480,0,0,0,44722,0,0,0,26136,0,0,0,39696,0,0,0,53420,0,0,0,5768,0,0,1,1111968,0,0,,,,,0,86256,0,0,0,60396,0,0
12-21378338-C-G,12,21378338,,C,G,gnomAD Exomes,PASS,NA,ENST00000240652.8,p.Ser61Ter,p.Ser61Ter,c.182C>G,stop_gained,,,,1,1461798,6.840890465030052e-7,0,0,PASS,,,34.0,,0.00,-0.220,1.46,,,0,33476,0,0,0,44722,0,0,0,26136,0,0,0,39696,0,0,0,53420,0,0,0,5768,0,0,1,1111928,0,0,,,,,0,86258,0,0,0,60394,0,0
12-21378341-C-T,12,21378341,,C,T,gnomAD Exomes,PASS,NA,ENST00000240652.8,p.Ser62Phe,p.Ser62Phe,c.185C>T,missense_variant,,,,1,1461808,6.840843667567834e-7,0,0,PASS,,,18.7,0.169,0.00,-0.220,1.92,0.00,0.123,0,33480,0,0,0,44722,0,0,0,26136,0,0,0,39696,0,0,0,53420,0,0,0,5768,0,0,1,1111934,0,0,,,,,0,86258,0,0,0,60394,0,0
12-21378341-C-G,12,21378341,,C,G,gnomAD Exomes,PASS,NA,ENST00000240652.8,p.Ser62Cys,p.Ser62Cys,c.185C>G,missense_variant,,,,1,1461808,6.840843667567834e-7,0,0,PASS,,,21.9,0.183,0.00,-0.210,1.92,0.00,0.579,0,33480,0,0,0,44722,0,0,0,26136,0,0,0,39696,0,0,0,53420,0,0,0,5768,0,0,0,1111934,0,0,,,,,1,86258,0,0,0,60394,0,0
12-21378353-G-C,12,21378353,,G,C,gnomAD Exomes,PASS,NA,ENST00000240652.8,p.Gly66Ala,p.Gly66Ala,c.197G>C,missense_variant,,,,1,1461856,6.840619048661428e-7,0,0,PASS,,,25.8,0.533,0.00,-0.0500,7.79,0.00,0.990,0,33480,0,0,0,44722,0,0,0,26136,0,0,0,39694,0,0,0,53420,0,0,0,5768,0,0,1,1111984,0,0,,,,,0,86258,0,0,0,60394,0,0
12-21378356-C-G,12,21378356,rs1940362050,C,G,gnomAD Exomes,PASS,NA,ENST00000240652.8,p.Ser67Cys,p.Ser67Cys,c.200C>G,missense_variant,,,,1,1461826,6.840759433749297e-7,0,0,PASS,,,25.6,0.451,0.00,-0.0900,6.18,0.00,1.00,0,33478,0,0,0,44722,0,0,0,26134,0,0,0,39694,0,0,0,53420,0,0,0,5768,0,0,1,1111958,0,0,,,,,0,86256,0,0,0,60396,0,0
12-21378359-A-G,12,21378359,,A,G,gnomAD Exomes,PASS,NA,ENST00000240652.8,p.Asn68Ser,p.Asn68Ser,c.203A>G,missense_variant,,,,1,1461850,6.840647125218045e-7,0,0,PASS,,,22.8,0.0470,0.00,0.0400,1.38,0.200,0.526,0,33480,0,0,0,44722,0,0,0,26134,0,0,0,39694,0,0,0,53420,0,0,0,5768,0,0,1,1111980,0,0,,,,,0,86258,0,0,0,60394,0,0
12-21378361-A-G,12,21378361,rs1591900333,A,G,gnomAD Exomes,PASS,NA,ENST00000240652.8,p.Thr69Ala,p.Thr69Ala,c.205A>G,missense_variant,,,,1,1461838,6.84070327902271e-7,0,0,PASS,,,20.9,0.210,0.00,0.0200,0.552,0.260,0.759,1,33480,0,0,0,44722,0,0,0,26136,0,0,0,39694,0,0,0,53420,0,0,0,5768,0,0,0,1111966,0,0,,,,,0,86256,0,0,0,60396,0,0
12-21378374-G-A,12,21378374,,G,A,gnomAD Exomes,PASS,NA,ENST00000240652.8,p.Arg73Lys,p.Arg73Lys,c.218G>A,missense_variant,,,,1,1461814,6.84081558939783e-7,0,0,PASS,,,25.2,0.328,0.00,0.0800,5.07,0.00,0.937,0,33480,0,0,0,44722,0,0,0,26134,0,0,0,39696,0,0,0,53420,0,0,0,5768,0,0,1,1111944,0,0,,,,,0,86254,0,0,0,60396,0,0
12-21378378-T-G,12,21378378,rs774123108,T,G,gnomAD Exomes,PASS,NA,ENST00000240652.8,p.Asn74Lys,p.Asn74Lys,c.222T>G,missense_variant,,,,1,1461832,6.840731356270762e-7,0,0,PASS,,,8.59,0.0260,0.00,-0.100,-1.19,0.250,0.0180,0,33480,0,0,0,44722,0,0,0,26134,0,0,0,39696,0,0,0,53420,0,0,0,5768,0,0,1,1111958,0,0,,,,,0,86258,0,0,0,60396,0,0
12-21378382-G-A,12,21378382,,G,A,gnomAD Exomes,PASS,NA,ENST00000240652.8,p.Val76Ile,p.Val76Ile,c.226G>A,missense_variant,,,,1,1461776,6.840993421700726e-7,0,0,PASS,,,9.36,0.150,0.00,0.0400,1.47,0.240,0.00700,0,33480,0,0,0,44722,0,0,0,26132,0,0,0,39696,0,0,0,53418,0,0,0,5766,0,0,1,1111908,0,0,,,,,0,86258,0,0,0,60396,0,0
12-21378383-T-C,12,21378383,,T,C,gnomAD Exomes,PASS,NA,ENST00000240652.8,p.Val76Ala,p.Val76Ala,c.227T>C,missense_variant,,,,1,1461770,6.841021501330579e-7,0,0,PASS,,,0.207,0.141,0.00,0.100,-3.23,0.940,0.00100,0,33476,0,0,0,44722,0,0,0,26136,0,0,0,39696,0,0,0,53420,0,0,0,5768,0,0,1,1111898,0,0,,,,,0,86258,0,0,0,60396,0,0
12-21378386-AG-A,12,21378386,,AG,A,gnomAD Exomes,PASS,NA,ENST00000240652.8,p.Val78PhefsTer2,p.Val78PhefsTer2,c.232del,frameshift_variant,,,,1,1461820,6.840787511458319e-7,0,0,PASS,,,23.5,,0.00,-0.130,0.968,,,0,33478,0,0,0,44722,0,0,0,26136,0,0,0,39696,0,0,0,53420,0,0,0,5768,0,0,1,1111948,0,0,,,,,0,86258,0,0,0,60394,0,0
12-21378389-T-A,12,21378389,,T,A,gnomAD Exomes,PASS,NA,ENST00000240652.8,p.Val78Asp,p.Val78Asp,c.233T>A,missense_variant,,,,1,1461796,6.840899824599329e-7,0,0,PASS,,,14.0,0.360,0.00,0.140,-0.337,0.220,0.00100,0,33478,0,0,1,44722,0,0,0,26134,0,0,0,39696,0,0,0,53420,0,0,0,5768,0,0,0,1111926,0,0,,,,,0,86256,0,0,0,60396,0,0
12-21378393-A-C,12,21378393,,A,C,gnomAD Exomes,PASS,NA,ENST00000240652.8,p.Leu79Phe,p.Leu79Phe,c.237A>C,missense_variant,,,,1,1461800,6.840881105486387e-7,0,0,PASS,,,17.5,0.0740,0.00,0.100,0.102,0.0400,0.0110,0,33476,0,0,0,44722,0,0,0,26136,0,0,0,39694,0,0,0,53420,0,0,0,5768,0,0,1,1111930,0,0,,,,,0,86258,0,0,0,60396,0,0
12-21378394-AAG-A,12,21378394,,AAG,A,gnomAD Exomes,PASS,NA,ENST00000240652.8,p.Glu82AlafsTer15,p.Glu82AlafsTer15,c.245_246del,frameshift_variant,,,,1,1461810,6.840834308152222e-7,0,0,PASS,,,23.4,,0.00,0.0600,0.815,,,0,33476,0,0,0,44722,0,0,0,26136,0,0,0,39696,0,0,0,53420,0,0,0,5768,0,0,1,1111938,0,0,,,,,0,86258,0,0,0,60396,0,0
12-21378400-G-A,12,21378400,,G,A,gnomAD Exomes,PASS,NA,ENST00000240652.8,p.Glu82Lys,p.Glu82Lys,c.244G>A,missense_variant,,,,1,1461732,6.841199344339455e-7,0,0,PASS,,,14.0,0.139,0.00,0.0200,0.647,0.170,0.00300,0,33476,0,0,0,44722,0,0,0,26136,0,0,0,39696,0,0,0,53418,0,0,0,5768,0,0,1,1111868,0,0,,,,,0,86254,0,0,0,60394,0,0
12-21378403-C-T,12,21378403,,C,T,gnomAD Exomes,PASS,NA,ENST00000240652.8,p.Pro83Ser,p.Pro83Ser,c.247C>T,missense_variant,,,,1,1461448,6.842528779676047e-7,0,0,PASS,,,7.91,0.0430,0.00,-0.0300,1.40,0.160,0.0370,0,33470,0,0,0,44722,0,0,0,26134,0,0,0,39694,0,0,0,53418,0,0,0,5768,0,0,1,1111608,0,0,,,,,0,86252,0,0,0,60382,0,0
12-21378403-C-G,12,21378403,,C,G,gnomAD Exomes,PASS,NA,ENST00000240652.8,p.Pro83Ala,p.Pro83Ala,c.247C>G,missense_variant,,,,1,1461448,6.842528779676047e-7,0,0,PASS,,,7.42,0.152,0.00,-0.0700,1.40,0.0600,0.194,0,33470,0,0,0,44722,0,0,0,26134,0,0,0,39694,0,0,0,53418,0,0,0,5768,0,0,1,1111608,0,0,,,,,0,86252,0,0,0,60382,0,0
12-21378406-C-G,12,21378406,,C,G,gnomAD Exomes,PASS,NA,ENST00000240652.8,p.Leu84Val,p.Leu84Val,c.250C>G,missense_variant,,,,1,1461482,6.842369594699079e-7,0,0,PASS,,,0.634,0.270,0.00,-0.0400,-0.952,0.0600,0.612,0,33472,0,0,0,44722,0,0,0,26136,0,0,0,39694,0,0,0,53416,0,0,0,5768,0,0,1,1111642,0,0,,,,,0,86252,0,0,0,60380,0,0
12-21378407-T-C,12,21378407,,T,C,gnomAD Exomes,PASS,NA,ENST00000240652.8,p.Leu84Pro,p.Leu84Pro,c.251T>C,missense_variant,,,,1,1461322,6.843118765063415e-7,0,0,PASS,,,10.6,0.331,0.00,0.0600,0.987,0.130,0.0660,0,33470,0,0,0,44722,0,0,0,26136,0,0,0,39690,0,0,0,53418,0,0,0,5768,0,0,1,1111482,0,0,,,,,0,86254,0,0,0,60382,0,0
12-21378412-T-G,12,21378412,rs1940367327,T,G,gnomAD Genomes,NA,PASS,ENST00000240652.8,p.Tyr86Asp,p.Tyr86Asp,c.256T>G,missense_variant,,,,1,152230,0.000006569007422978388,0,0,PASS,,,7.61,0.128,0.00,0.0400,0.296,,,1,41464,0,0,0,15282,0,0,0,3472,0,0,0,5204,0,0,0,10622,0,0,0,316,0,0,0,68032,0,0,0,912,0,0,0,4832,0,0,0,2094,0,0
12-21378416-T-G,12,21378416,,T,G,gnomAD Exomes,PASS,NA,ENST00000240652.8,p.Leu87Trp,p.Leu87Trp,c.260T>G,missense_variant,,,,1,1461008,6.844589488900814e-7,0,0,PASS,,,22.7,0.312,0.00,0.0600,1.82,0.00,0.754,0,33468,0,0,0,44722,0,0,0,26130,0,0,0,39692,0,0,0,53418,0,0,0,5768,0,0,1,1111200,0,0,,,,,0,86242,0,0,0,60368,0,0
12-21378417-GC-G,12,21378417,rs1433367168,GC,G,gnomAD Exomes,PASS,NA,ENST00000240652.8,p.Leu89PhefsTer30,p.Leu89PhefsTer30,c.265del,frameshift_variant,,,,1,1460640,6.846313944572242e-7,0,0,PASS,,,21.9,,0.00,0.0200,-3.08,,,0,33462,0,0,0,44722,0,0,0,26134,0,0,0,39690,0,0,0,53416,0,0,0,5768,0,0,1,1110874,0,0,,,,,0,86232,0,0,0,60342,0,0
12-21378425-A-G,12,21378425,rs1459286810,A,G,gnomAD Exomes,PASS,NA,ENST00000240652.8,p.Ter90TrpextTer4,p.Ter90TrpextTer4,c.269A>G,stop_lost,,,,1,1457952,6.858936371019073e-7,0,0,PASS,,,15.3,,0.00,0.180,3.12,,,0,33386,0,0,0,44718,0,0,0,26118,0,0,0,39668,0,0,0,53418,0,0,0,5762,0,0,0,1108434,0,0,,,,,0,86194,0,0,1,60254,0,0
