AAPos,SecStr_6vw2,SASA_6vw2,SecStr_6y1a,SASA_6y1a,SecStr_7m64,SASA_7m64,SecStr_7m65,SASA_7m65,SecStr_6zrf,SASA_6zrf,SecStr_7m62,SASA_7m62,SecStr_7m61,SASA_7m61,SecStr_8r4i,SASA_8r4i
N14,-,0.6210191082802548,E,0.5254777070063694,E,0.5668789808917196,-,0.5554140127388535,E,0.5456475583864119,E,0.4420382165605095,E,0.4687898089171974,-,0.4388535031847134
F15,E,0.5634517766497462,E,0.1107233502538071,E,0.2446700507614213,-,0.133502538071066,E,0.1319796954314721,E,0.1213197969543147,E,0.1796954314720812,-,0.1360406091370558
L16,E,0.2774390243902439,E,0.4005335365853658,E,0.5018292682926829,-,0.4585365853658537,E,0.5050813008130083,-,0.2902439024390244,-,0.4865853658536584,E,0.5304878048780488
V17,S,0.4725352112676056,E,0.0867077464788732,E,0.1683098591549295,-,0.1795774647887323,E,0.1255868544600938,-,0.1669014084507042,-,0.4161971830985915,E,0.1809859154929577
H18,S,0.1918478260869565,E,0.4123641304347826,-,0.4358695652173913,-,0.4206521739130435,-,0.5117753623188407,-,0.351086956521739,-,0.4451086956521739,E,0.5065217391304347
S19,-,0.0969230769230769,-,0.1158653846153846,-,0.1069230769230769,-,0.1623076923076923,-,0.0878205128205128,-,0.1261538461538461,B,0.1061538461538461,-,0.0969230769230769
S20,-,0.4384615384615384,S,0.3615384615384616,B,0.3792307692307691,S,0.4884615384615384,S,0.3442307692307693,-,0.1107692307692307,S,0.4338461538461539,S,0.3323076923076923
N21,-,0.2012738853503184,S,0.2344745222929936,S,0.2643312101910828,-,0.2840764331210191,B,0.2457537154989384,-,0.210828025477707,S,0.2573248407643312,S,0.3050955414012739
N22,E,0.1471337579617834,-,0.0656847133757961,-,0.0910828025477707,-,0.2089171974522293,-,0.0822717622080679,S,0.121656050955414,-,0.175796178343949,-,0.1025477707006369
F23,E,0.1517766497461929,-,0.0837563451776649,-,0.1243654822335025,B,0.3142131979695431,-,0.127326565143824,-,0.1695431472081218,S,0.2350253807106599,-,0.1319796954314721
G24,S,0.1035714285714285,S,0.0617559523809523,S,0.0916666666666666,S,0.244047619047619,S,0.0515873015873015,-,0.1214285714285714,S,0.0952380952380952,S,0.0916666666666666
A25,-,0.0933962264150943,-,0.0807783018867924,-,0.100943396226415,-,0.2018867924528302,-,0.1092767295597484,E,0.1018867924528302,-,0.0990566037735849,E,0.1094339622641509
I26,E,0.1118343195266272,E,0.0724852071005917,-,0.1644970414201183,B,0.165680473372781,-,0.0838264299802761,E,0.1497041420118343,B,0.1053254437869822,E,0.1153846153846153
L27,E,0.2707317073170731,E,0.102515243902439,E,0.148170731707317,-,0.1518292682926829,-,0.1041666666666666,E,0.1371951219512195,-,0.1097560975609756,E,0.1371951219512195
S28,E,0.5876923076923077,E,0.079326923076923,E,0.2453846153846154,-,0.2476923076923077,-,0.1083333333333333,E,0.0807692307692307,S,0.1346153846153846,-,0.113076923076923
S29,E,0.1123076923076923,E,0.0692307692307692,-,0.1676923076923077,B,0.1938461538461538,-,0.0814102564102564,S,0.3638461538461538,S,0.2292307692307692,-,0.1107692307692307
T30,E,0.4845070422535211,E,0.286531690140845,-,0.3295774647887324,-,0.3429577464788732,-,0.284037558685446,-,0.0957746478873239,-,0.1563380281690141,-,0.3647887323943661
N31,E,0.2859872611464968,E,0.0664808917197452,B,0.1019108280254777,-,0.1738853503184713,B,0.1231422505307855,-,0.5923566878980892,-,0.4687898089171975,B,0.1165605095541401
V32,E,0.1049295774647887,S,0.5849471830985915,S,0.6915492957746479,B,0.104225352112676,S,0.6660798122065728,-,0.1323943661971831,-,0.1669014084507042,S,0.6464788732394366
G33,S,0.1071428571428571,S,0.2604166666666666,S,0.2595238095238095,S,0.25,S,0.3313492063492063,E,0.6440476190476192,-,0.2773809523809524,S,0.2821428571428571
S34,-,0.0823076923076923,-,0.5384615384615385,-,0.5023076923076923,-,0.113076923076923,-,0.4788461538461539,E,0.1861538461538461,-,0.2738461538461538,-,0.5353846153846155
N35,-,0.2063694267515923,E,0.0652866242038216,-,0.0923566878980891,-,0.3547770700636943,-,0.1130573248407643,-,0.3694267515923567,E,0.2426751592356687,-,0.1197452229299363
T36,-,0.3866197183098591,E,0.5149647887323944,B,0.5802816901408451,B,0.4246478873239436,-,0.4759389671361502,-,0.1859154929577465,E,0.2950704225352113,-,0.5352112676056338
Y37,-,0.6144144144144145,-,0.1120495495495495,-,0.1644144144144144,-,0.4549549549549549,,,-,0.2486486486486486,-,0.6013513513513514,-,0.1369369369369369
A13,,,-,0.5683962264150944,-,0.6962264150943396,-,0.4471698113207546,-,0.639937106918239,E,0.4896226415094339,-,0.7716981132075471,-,0.6075471698113207
T6,,,,,,,-,0.752112676056338,,,-,0.5528169014084507,,,,
C7,,,,,,,E,0.5807407407407407,,,E,0.4637037037037038,,,,
A8,,,,,,,E,0.120754716981132,,,E,0.1735849056603773,,,,
T9,,,,,,,E,0.4549295774647887,,,E,0.3880281690140845,,,,
Q10,,,,,,,E,0.0939393939393939,,,E,0.1696969696969696,,,,
R11,,,,,,,-,0.5580645161290322,,,E,0.4705645161290322,,,,
L12,,,,,,,-,0.15,,,E,0.1890243902439024,,,,
